mesh_index,fbx_pos,fbx_end,sp3d_name,sp3d_type,sp3d_internal_type,object_id,sp3d_moniker,sp3d_display_name,sp3d_system_path,sp3d_bom_desc,sp3d_support_assembly,sp3d_support_weight,sp3d_status,sp3d_construction_type,sp3d_support_location
0,12626738,12630287,Utility_FOUR_HOLE_PLATE_4-1-C8,Geometry Group,,ed66a072-0dc2-581a-aa20-a94ddab48ce3,,,,,,,,,
1,12726015,12729752,Aspects,Geometry Group,,f990b11a-0359-504e-811d-704aae1beb8b,,,,,,,,,
2,12734280,12738012,Aspects,Geometry Group,,60cdb8ba-5ef7-5359-92d7-0020b70bfbc4,,,,,,,,,
3,12742603,12746329,Aspects,Geometry Group,,e82dc9e1-6e6d-5c26-b156-63a8bce096d9,,,,,,,,,
4,12748653,12752379,Aspects,Geometry Group,,f780e295-cbf0-557e-8490-7030ef7da257,,,,,,,,,
5,12755065,12758776,Aspects,Geometry Group,,bb0ede02-6553-5cc4-8572-8e405efa9cb6,,,,,,,,,
6,12761581,12765309,Aspects,Geometry Group,,3eef207b-e020-5a06-b845-892f1a458864,,,,,,,,,
7,12776660,12781233,Flange-2101,Geometry Group,,5e320a6e-80e2-52fd-86df-88afd35a2a26,,,,,,,,,
8,12785741,12790292,Flange-1706,Geometry Group,,627c5db9-c057-5e1a-bd9b-b0b4fd9b620e,,,,,,,,,
9,12796610,12801185,Flange-1701,Geometry Group,,e02ff93f-084b-5900-9c1a-d1f7c9f74e9f,,,,,,,,,
10,12806779,12811356,Flange-1708,Geometry Group,,4231bdcb-bdc4-5165-b4ec-e416d54f940d,,,,,,,,,
11,12819122,12823679,Flange-1701,Geometry Group,,5015f101-88ff-5f0d-8ef3-9934259352ae,,,,,,,,,
12,12824136,12828716,Flange-1703,Geometry Group,,3877dcdd-5774-516f-915a-fc051233dd49,,,,,,,,,
13,12841981,12846558,Flange-1710,Geometry Group,,2ab46254-d3f8-5b0b-a929-d80080b307fa,,,,,,,,,
14,12852876,12857456,Flange-1702,Geometry Group,,f7a28d29-e54b-5806-a9ff-9380f70e0990,,,,,,,,,
15,12864498,12869073,Flange-1706,Geometry Group,,5b4afeaf-1f80-515e-81ea-8600f71062d9,,,,,,,,,
16,12869530,12874081,Flange-1709,Geometry Group,,6562237b-80dd-53cc-a4a4-e818fc3630b0,,,,,,,,,
17,12877796,12882330,Weldolet-0401,Geometry Group,,48cc2124-e0db-58e2-8716-0ec7cffa70f6,,,,,,,,,
18,12886476,12891047,Flange-1703,Geometry Group,,ccc80253-39fd-5e99-adc8-adf2c9362fc8,,,,,,,,,
19,12942932,12946814,CT-ET--0003-TRAY-0002,Geometry Group,,5b5633c3-8b68-5f1a-919b-78abe6ea8a29,,,,,,,,,
20,12948090,12951972,CT-ET--0003-TRAY-0004,Geometry Group,,9c65fb61-775f-5c3f-9c82-13a030d7022f,,,,,,,,,
21,12953248,12957136,CT-ET--0003-TRAY-0006,Geometry Group,,e71cecf4-1cc2-5ec3-ae1a-92e53e47f46a,,,,,,,,,
22,12958412,12962299,CT-ET--0003-TRAY-0008,Geometry Group,,41a77313-1ba7-5049-955a-ec26dcf73aa2,,,,,,,,,
23,12963575,12967457,CT-ET--0003-TRAY-0010,Geometry Group,,f20e3575-ebe1-58a5-8d1f-a2fff37df5c2,,,,,,,,,
24,12972777,12976663,CT-ET--0004-TRAY-0002,Geometry Group,,6120a3a2-974a-5e8c-92a0-e2178294953c,,,,,,,,,
25,12977939,12981825,CT-ET--0004-TRAY-0004,Geometry Group,,a97b2433-7daf-5fa7-9974-43c0e48788cd,,,,,,,,,
26,12983101,12986993,CT-ET--0004-TRAY-0006,Geometry Group,,24d671e3-dff6-5a5e-ada6-156fb5744cbe,,,,,,,,,
27,12988269,12992160,CT-ET--0004-TRAY-0008,Geometry Group,,dcd2fbbf-ea14-5d66-a971-d77cbfc82d30,,,,,,,,,
28,12993436,12997309,CT-ET--0004-TRAY-0010,Geometry Group,,190746b4-b776-5715-ae09-27f4f7c84678,,,,,,,,,
29,12998585,13002471,CT-ET--0004-TRAY-0012,Geometry Group,,95c6a928-5496-57e6-a6f6-722180c92ea5,,,,,,,,,
30,13003747,13007614,CT-ET--0004-TRAY-0102,Geometry Group,,5d3905d1-b616-55ef-bb3f-38cf68c65639,,,,,,,,,
31,13008528,13012413,CT-ET--0004-TRAY-0103,Geometry Group,,4863c621-4368-51bc-9049-3e1d600f2ebf,,,,,,,,,
32,13014051,13017919,CT-ET--0004-TRAY-0108,Geometry Group,,42fd5ed1-a858-5833-ab72-8e879da5273c,,,,,,,,,
33,13019195,13023075,CT-ET--0004-TRAY-0110,Geometry Group,,ebcb96c5-e71f-5dd7-9961-14bb4524829c,,,,,,,,,
34,13024351,13028231,CT-ET--0004-TRAY-0112,Geometry Group,,9fd297b8-c4eb-506c-b5f3-d01243d736f5,,,,,,,,,
35,13036419,13040128,Aspects,Geometry Group,,10a0d546-e226-5b95-aaae-90b5faa28b9d,,,,,,,,,
36,13049181,13052897,Aspects,Geometry Group,,437d3174-b5e2-547b-983f-29770915fced,,,,,,,,,
37,13055185,13058901,Aspects,Geometry Group,,631ee5d5-040b-53fa-9ec1-945598d265c8,,,,,,,,,
38,13064525,13069072,Flange-0075,Geometry Group,,59bd7579-59c0-5554-83ba-2ba74d0dbd7d,,,,,,,,,
39,13069529,13074075,Flange-0076,Geometry Group,,7b105017-c62c-5013-81e0-92f46a6f6803,,,,,,,,,
40,13078583,13083130,Flange-0078,Geometry Group,,347baaef-e866-5778-8047-c611dba66030,,,,,,,,,
41,13083587,13088133,Flange-0079,Geometry Group,,e187ee8d-8e44-5274-aa43-7eaf68e8d1a9,,,,,,,,,
42,13091189,13095727,Flange-0074,Geometry Group,,d134dd13-987b-59c4-8e15-893a55b8eff0,,,,,,,,,
43,13097335,13101873,Flange-0077,Geometry Group,,decda927-34cc-5664-bfc7-49d559fc5211,,,,,,,,,
44,13157919,13161631,Aspects,Geometry Group,,0d8d606f-120a-52a4-997b-c8fec84fb1ed,,,,,,,,,
45,13163915,13167630,Aspects,Geometry Group,,5bc59cdb-027a-5fbd-8ffc-619d3c7113dc,,,,,,,,,
46,13171000,13174715,Aspects,Geometry Group,,23ca2876-ea5e-5905-861e-40fbac5130ab,,,,,,,,,
47,13178077,13181785,Aspects,Geometry Group,,cc2e0274-1098-514e-bd12-209a914230ab,,,,,,,,,
48,13187703,13191402,Aspects,Geometry Group,,05145dce-00e8-5ef9-9c6d-e8db489a363f,,,,,,,,,
49,13197547,13199243,Geometry,Geometry Group,,,,,,,,,,,
50,13208618,13213167,Flange-0081,Geometry Group,,24994913-4087-5e9c-a915-fee52c05f10b,,,,,,,,,
51,13213624,13218173,Flange-0107,Geometry Group,,35083f40-b1a1-5b36-9675-b1a0a5ff0344,,,,,,,,,
52,13235503,13239969,Cap-0011,Geometry Group,,3e260347-f61e-5671-a52d-0ca04ef49b63,,,,,,,,,
53,13246645,13251185,Flange-0113,Geometry Group,,1d0411f3-3fb4-56b8-9349-3624531b2aae,,,,,,,,,
54,13251642,13256181,Flange-0114,Geometry Group,,b08875b5-2d71-5dbc-9596-8d4c7f286082,,,,,,,,,
55,13256638,13261177,Flange-0115,Geometry Group,,497ae302-7606-5054-a35e-01e65093a3c6,,,,,,,,,
56,13261634,13266174,Flange-0601,Geometry Group,,53d33702-e54c-585c-b196-c076bb3f3b3c,,,,,,,,,
57,13266631,13271179,Flange-0602,Geometry Group,,33d65fc9-979e-57e5-8bd6-cb859e43a50b,,,,,,,,,
58,13271636,13276161,Flange-0604,Geometry Group,,00a7705f-05a5-5ab2-853c-20ce7a97ae72,,,,,,,,,
59,13276618,13281153,Flange-0605,Geometry Group,,e2f831b0-8411-541e-9754-e8254e96415e,,,,,,,,,
60,13281610,13286145,Flange-0616,Geometry Group,,c1616ed8-e940-5a6f-ab26-fd3f6acba464,,,,,,,,,
61,13292834,13297314,Cap-0201,Geometry Group,,3e29de29-383d-5880-981f-af8d29a07b18,,,,,,,,,
62,13300732,13305272,Flange-0121,Geometry Group,,11d13564-68b1-537d-896c-37002506ee39,,,,,,,,,
63,13305729,13310268,Flange-0122,Geometry Group,,77af4af6-5b31-5269-b32d-c25072828a20,,,,,,,,,
64,13310725,13315264,Flange-0612,Geometry Group,,dbc2d1b8-77dd-5be7-a361-0fad5a19d8f5,,,,,,,,,
65,13315721,13320261,Flange-0613,Geometry Group,,4e8d7167-1a76-5552-a014-50eb35d4e568,,,,,,,,,
66,13320718,13325266,Flange-0614,Geometry Group,,4892abb7-2dde-52dc-a903-f7b95bb541bb,,,,,,,,,
67,13363265,13366908,Aspects,Geometry Group,,09ddcc1b-b7c1-566c-b324-79794db85558,,,,,,,,,
68,13371374,13375086,Aspects,Geometry Group,,dab557cd-c185-51a4-8180-772adfecd911,,,,,,,,,
69,13377362,13381064,Aspects,Geometry Group,,1fb34780-fccc-5fc2-a3d0-57bb9c25b142,,,,,,,,,
70,13386714,13391279,Flange-1601,Geometry Group,,982c99ba-4a7d-5879-945f-0ece42a44651,,,,,,,,,
71,13393281,13397837,Flange-1602,Geometry Group,,dd64df23-c1fc-5ad1-8a60-a7a965e299c3,,,,,,,,,
72,13449705,13454250,Flange-0008,Geometry Group,,ab8c04f9-2dbf-5d95-b971-a675ce552fba,,,,,,,,,
73,13454707,13459252,Flange-0009,Geometry Group,,0d810faf-bfb0-55ce-b2ff-464e1f2e5232,,,,,,,,,
74,13459709,13464238,Flange-0020,Geometry Group,,d7ec28ae-1e3e-5aa4-8bb1-6a35bacf275c,,,,,,,,,
75,13464695,13469224,Flange-0021,Geometry Group,,38af4fac-abf1-5a70-b7ba-a3855acc6deb,,,,,,,,,
76,13469681,13474211,Flange-0026,Geometry Group,,15738abf-45c9-5edf-9cf6-7881e604dce8,,,,,,,,,
77,13474668,13479198,Flange-0027,Geometry Group,,2231bdb6-9cb4-56ab-a392-c283d9d4df56,,,,,,,,,
78,13486602,13491140,Flange-1401,Geometry Group,,a52b760c-0766-54b6-b21b-17f38fc5e68c,,,,,,,,,
79,13493838,13498369,Flange-2213,Geometry Group,,e9fa4346-ef79-5c9e-9ff4-690668f86967,,,,,,,,,
80,13501063,13505610,Flange-0024,Geometry Group,,90c112a5-f82b-5571-adb6-a00956da36af,,,,,,,,,
81,13506067,13510614,Flange-0025,Geometry Group,,b989570b-90dd-5d2f-85d8-198c94110765,,,,,,,,,
82,13512157,13516682,Weldolet-0002,Geometry Group,,5bd35cfd-4458-5488-8e03-a9f331c02186,,,,,,,,,
83,13518652,13523187,Flange-0006,Geometry Group,,168644fd-a7bb-53da-b826-9cd2ef3d23c2,,,,,,,,,
84,13526976,13531499,Flange-0007,Geometry Group,,00294328-8b61-5a7e-80ef-c6123cb0eceb,,,,,,,,,
85,13533404,13537916,Sockolet-0301,Geometry Group,,e08229c7-6d88-5107-9ae5-ae0d443f9442,,,,,,,,,
86,13542898,13547418,Flange-2212,Geometry Group,,3b40cdf5-5fe5-52a7-a8bf-1341e3595edc,,,,,,,,,
87,13560067,13564582,Flange-0701,Geometry Group,,fef179d1-3659-565d-a466-58823b5ebc3c,,,,,,,,,
88,13565039,13569554,Flange-0703,Geometry Group,,0446270e-8ec8-5eb5-87ae-4b072a219f93,,,,,,,,,
89,13597062,13600761,Aspects,Geometry Group,,b8df4d73-d851-5482-ab60-9312b814e068,,,,,,,,,
90,13603506,13607222,Aspects,Geometry Group,,35df0d72-f0b5-5f76-8883-6f237c045348,,,,,,,,,
91,13609510,13613226,Aspects,Geometry Group,,07e3fa21-3a2c-571f-b248-fa99b6fa4fe3,,,,,,,,,
92,13621048,13625547,Cap-0102,Geometry Group,,75fa2272-749f-5e3d-81b3-3eacf0011ef2,,,,,,,,,
93,13631137,13635679,Flange-2401,Geometry Group,,9e630e49-7433-5761-9230-fc67855e07ff,,,,,,,,,
94,13636136,13640674,Flange-2402,Geometry Group,,351b0849-41c4-5ca9-9930-a2995d3e0b15,,,,,,,,,
95,13646264,13650815,Flange-0012,Geometry Group,,4cc9efc3-d975-5814-a34b-d3ceeaf6674c,,,,,,,,,
96,13653147,13657701,Flange-0018,Geometry Group,,9d0ec9ea-7c2a-5051-8f01-801f7bee0715,,,,,,,,,
97,13658158,13662712,Flange-0019,Geometry Group,,b7d10794-4fa3-522f-9f67-fd4f061645cf,,,,,,,,,
98,13664617,13669148,Weldolet-0003,Geometry Group,,f554ae99-2130-5e91-8803-7820c3b39201,,,,,,,,,
99,13673652,13678213,Flange-0002,Geometry Group,,5aa8e65c-ae37-59bb-b119-df1c7724b444,,,,,,,,,
100,13678670,13683215,Flange-0010,Geometry Group,,efb3f727-91a8-5697-acd5-40b48a732dd0,,,,,,,,,
101,13683672,13688221,Flange-0011,Geometry Group,,f1ca207d-f974-54d2-83bf-2183ea1b0195,,,,,,,,,
102,13692725,13697276,Flange-0013,Geometry Group,,d90bbb7c-fe74-5eb3-9feb-fceded6401d7,,,,,,,,,
103,13697733,13702275,Flange-0014,Geometry Group,,6dd5f95e-2e14-5464-92dd-de7ff3ea353b,,,,,,,,,
104,13702732,13707274,Flange-0015,Geometry Group,,1c72f1ea-cd3c-5240-b9d6-ccb9b5559229,,,,,,,,,
105,13711778,13716331,Flange-0213,Geometry Group,,da97a984-044b-5f04-8295-ae1ef5692c6e,,,,,,,,,
106,13716788,13721337,Flange-0214,Geometry Group,,226d51da-8063-5706-ae58-ec3011130911,,,,,,,,,
107,13726203,13730756,Flange-0016,Geometry Group,,e3c72c36-6375-565c-8c85-29a518b46e6a,,,,,,,,,
108,13733088,13737631,Flange-0017,Geometry Group,,7e3fdc2d-3cd3-597a-8ff7-7063502f7519,,,,,,,,,
109,13738088,13742637,Flange-0219,Geometry Group,,fc8a21a0-d6eb-5d89-8ca4-a4c9cb3defff,,,,,,,,,
110,13747874,13752414,Flange-0004,Geometry Group,,75f88432-0820-5850-82f5-c4bb7dbbe209,,,,,,,,,
111,13752871,13757433,Flange-0053,Geometry Group,,72254822-7a61-51c4-ae15-58a39010bae8,,,,,,,,,
112,13761958,13766457,Cap-0101,Geometry Group,,19e41ea8-e1a3-50ab-8129-b7046ff30a57,,,,,,,,,
113,13769875,13774428,Flange-0211,Geometry Group,,095ce973-fb57-5933-bf97-a243afab227f,,,,,,,,,
114,13774885,13779434,Flange-0212,Geometry Group,,53e4addc-1244-59d2-9b00-a73b58554b9f,,,,,,,,,
115,13785660,13787356,Geometry,Geometry Group,,,,,,,,,,,
116,13792431,13794127,Geometry,Geometry Group,,,,,,,,,,,
117,13800266,13801962,Geometry,Geometry Group,,,,,,,,,,,
118,13806466,13811006,Flange-0005,Geometry Group,,88869d97-4d0b-5ad7-b7c0-16d98677dec0,,,,,,,,,
119,13811463,13816016,Flange-0209,Geometry Group,,204f6fe4-8ed6-50ca-9117-adfe1129fcb9,,,,,,,,,
120,13816473,13821022,Flange-0210,Geometry Group,,7366ec69-3f2b-5710-bc16-fc5c94729cfc,,,,,,,,,
121,13828073,13832618,Flange-0047,Geometry Group,,7b2890cd-1ae8-5efc-a20a-74da90f5ec9a,,,,,,,,,
122,13833075,13837620,Flange-0048,Geometry Group,,48c9d696-abbc-5df6-80d1-b381b3c2e463,,,,,,,,,
123,13847270,13851816,Flange-0091,Geometry Group,,d1cffbf5-690d-5467-be55-07bd4b4cef08,,,,,,,,,
124,13853424,13857966,Flange-0541,Geometry Group,,7ce6f023-6b36-5d50-83ff-e7a1f870ef18,,,,,,,,,
125,13862910,13867452,Flange-0542,Geometry Group,,1207490d-bb49-5e67-9d19-7fec8af4f1e7,,,,,,,,,
126,13870183,13874762,Flange-1501,Geometry Group,,f1334004-4266-581d-9fae-2d43b107bece,,,,,,,,,
127,13875219,13879798,Flange-1502,Geometry Group,,9c62f534-dc4c-5a3c-9068-519414b4843b,,,,,,,,,
128,13880255,13884834,Flange-1503,Geometry Group,,e1db9be6-0ace-5fa1-90f4-f45cb9a942ed,,,,,,,,,
129,13885291,13889870,Flange-1504,Geometry Group,,8135b885-c52a-5481-b6a5-ad2d6ec67692,,,,,,,,,
130,13932042,13935972,Duct Banks_Conduit Run-1-107-COND-0002,Geometry Group,,db6238f5-3065-5f44-9f1a-e0747a383eb8,,,,,,,,,
131,13937248,13941170,Duct Banks_Conduit Run-1-107-COND-0006,Geometry Group,,da8f7c16-0b22-5172-b752-d59286245c8f,,,,,,,,,
132,13942446,13946368,Duct Banks_Conduit Run-1-107-COND-0008,Geometry Group,,57955904-db1e-562a-885b-c3e0d5686ae6,,,,,,,,,
133,13947644,13951574,Duct Banks_Conduit Run-1-107-COND-0011,Geometry Group,,05ec17bc-2579-5cd5-9a49-3b29afccc41a,,,,,,,,,
134,13954397,13958327,Duct Banks_Conduit Run-1-108-COND-0002,Geometry Group,,368310a6-7ede-5313-9ba8-0d2ef92b48f2,,,,,,,,,
135,13959603,13963525,Duct Banks_Conduit Run-1-108-COND-0006,Geometry Group,,857c5db2-bfa7-5041-99e2-82f150d95eaf,,,,,,,,,
136,13964801,13968723,Duct Banks_Conduit Run-1-108-COND-0008,Geometry Group,,088b8eda-b9b4-5196-bf49-b2078bef4382,,,,,,,,,
137,13969999,13973929,Duct Banks_Conduit Run-1-108-COND-0011,Geometry Group,,23c8f600-bfb0-539a-9f49-f1f35025a345,,,,,,,,,
138,13986888,13990817,Duct Banks_Conduit Run-1-137-COND-0002,Geometry Group,,d4925430-4ffe-5312-a840-f32160b0e4cf,,,,,,,,,
139,13993640,13997569,Duct Banks_Conduit Run-1-138-COND-0002,Geometry Group,,3c32cf8d-011b-567e-b491-7d7046042039,,,,,,,,,
140,14014804,14018464,AHU-01,Geometry Group,,c238321d-3e2c-5a3e-8a6f-271472d13813,,,,,,,,,
141,14022951,14026687,D24X24RND8-01,Geometry Group,,2c732fff-ad7c-5d5d-8550-58f18eb6dd7b,,,,,,,,,
142,14029429,14033165,D24X24RND8-02,Geometry Group,,573e8ab6-324e-5619-88b1-2cfd948c9971,,,,,,,,,
143,14035907,14039642,D24X24RND8-03,Geometry Group,,b5433f49-b6d7-5330-845d-9881180d1428,,,,,,,,,
144,14042384,14046120,D24X24RND8-04,Geometry Group,,63f7d491-d8cf-53d8-9066-fef80e341b46,,,,,,,,,
145,14048862,14052598,D24X24RND8-05,Geometry Group,,9f0620af-0774-5f21-8f7d-3492b4baff50,,,,,,,,,
146,14055340,14059075,D24X24RND8-06,Geometry Group,,49ed978b-a682-5444-9d77-34bcdb4504b5,,,,,,,,,
147,14104428,14108143,Aspects,Geometry Group,,2498c690-b746-5e73-81b9-3ed3b9918e07,,,,,,,,,
148,14110423,14114138,Aspects,Geometry Group,,4f8d176b-d9ef-56ce-9bd4-505e90f4c718,,,,,,,,,
149,14116414,14120117,Aspects,Geometry Group,,6fdc43e9-d824-56f8-a282-13e1a77ca949,,,,,,,,,
150,14125403,14129962,Flange-0491,Geometry Group,,380fc2b4-7fb1-540f-937a-59a26cebb309,,,,,,,,,
151,14132688,14137240,Flange-0500,Geometry Group,,f43e132e-47db-5222-b24d-1ebc73908faa,,,,,,,,,
152,14141414,14145986,Flange-0537,Geometry Group,,52ebf417-ae48-5058-a5e5-b8828e9ff0db,,,,,,,,,
153,14146443,14151015,Flange-0538,Geometry Group,,300c5b92-148d-5f21-afa9-1b8f0324535f,,,,,,,,,
154,14151472,14156044,Flange-0539,Geometry Group,,503e1d72-02ff-50f8-aced-1bdc1759044d,,,,,,,,,
155,14156501,14161073,Flange-0540,Geometry Group,,09574184-70ba-5226-974e-950f13cb61f4,,,,,,,,,
156,14165971,14170529,Flange-0445,Geometry Group,,778fbf5a-b98d-5742-b08f-74719570d25e,,,,,,,,,
157,14174350,14178892,Flange-0518,Geometry Group,,f80a949b-3fe3-53f7-bbc7-503ae0398c58,,,,,,,,,
158,14179806,14184339,Flange-0519,Geometry Group,,2c116d26-ab2e-5deb-b720-963c60428194,,,,,,,,,
159,14185253,14189786,Flange-0520,Geometry Group,,c39b5b07-e2f6-51f4-8e34-5c40b74a0ae0,,,,,,,,,
160,14190700,14195233,Flange-0521,Geometry Group,,aeb08ff2-ec18-5189-b997-2f725c95df25,,,,,,,,,
161,14196147,14200680,Flange-0522,Geometry Group,,e0104919-9f26-5938-bb80-e3bceb2d2d6b,,,,,,,,,
162,14201594,14206127,Flange-0523,Geometry Group,,b90b1b2d-7f5a-51a6-b540-08a6246fa41d,,,,,,,,,
163,14207041,14211574,Flange-0524,Geometry Group,,e9a072ad-1493-5136-985e-a3d1fd6a68fc,,,,,,,,,
164,14218024,14222592,Flange-0452,Geometry Group,,bc7c4519-0cea-5486-9d1d-48feb288869b,,,,,,,,,
165,14223049,14227603,Flange-0532,Geometry Group,,2c2b9d8c-812d-51f2-b7dd-49c1d449d4c4,,,,,,,,,
166,14231415,14235983,Flange-0474,Geometry Group,,04c35b9d-d1df-5255-a02e-08c2f0f5a233,,,,,,,,,
167,14239071,14243623,Flange-0536,Geometry Group,,9693013a-118e-5c91-95e0-f0bbafc6c59d,,,,,,,,,
168,14251412,14255304,CT-ET--0011-TRAY-0002,Geometry Group,,ba9fbdda-3061-5317-846e-07ea01165850,,,,,,,,,
169,14258061,14261953,CT-ET--0012-TRAY-0002,Geometry Group,,cdad9cf1-7187-53c9-85c0-dc4e7e3ffca6,,,,,,,,,
170,14265796,14269672,CT-ET--0022-TRAY-0002,Geometry Group,,d96a9ff9-ec7c-5218-b1e4-c87253e64efe,,,,,,,,,
171,14272886,14276762,CT-ET--0023-TRAY-0002,Geometry Group,,55b1522b-abb5-5149-b06f-1b8e547b2dfb,,,,,,,,,
172,14366235,14369916,PDB-101,Geometry Group,,abc43ecc-188a-5c9d-815b-d72d4e57f59e,,,,,,,,,
173,14471050,14474754,Aspects,Geometry Group,,0ec90f97-a40d-5c5a-aad2-64035940ff44,,,,,,,,,
174,14476668,14480310,Aspects,Geometry Group,,925b64b7-e54f-5605-bb85-1cf8ab5d9baa,,,,,,,,,
175,14488988,14493547,Flange-2201,Geometry Group,,6fdf39ba-0ce8-504f-8dca-b056bcedeb95,,,,,,,,,
176,14494004,14498587,Flange-2202,Geometry Group,,93ef3e30-3716-5daf-b543-dd31fd04da78,,,,,,,,,
177,14499044,14503614,Flange-2203,Geometry Group,,c3d10704-9f59-5b57-a6ab-cb738ca5c1f9,,,,,,,,,
178,14504071,14508642,Flange-2204,Geometry Group,,5e6b8095-ff65-519e-ae27-c13487832c8a,,,,,,,,,
179,14512485,14517055,Flange-2205,Geometry Group,,fd2dc0ec-39dc-5370-86e1-e4355ac11a13,,,,,,,,,
180,14517512,14522083,Flange-2206,Geometry Group,,c972112a-be74-5208-af5f-1743920ceb9b,,,,,,,,,
181,14540115,14544674,Flange-1217,Geometry Group,,a2bf751e-ffe5-5837-8654-25e9399e5f1f,,,,,,,,,
182,14545131,14549689,Flange-1218,Geometry Group,,69414c8d-2fe5-59b7-8a9a-0b5b424f919d,,,,,,,,,
183,14557492,14562050,Flange-1220,Geometry Group,,4b10d70c-62a7-5e9b-b22b-e9aac4348d68,,,,,,,,,
184,14562507,14567065,Flange-1221,Geometry Group,,9ca99e07-b392-57e0-a141-7a17b40ca807,,,,,,,,,
185,14574144,14578702,Flange-1222,Geometry Group,,f5da2228-e538-5136-ae9e-6f09d631d87d,,,,,,,,,
186,14579159,14583721,Flange-1223,Geometry Group,,de8fae27-3416-5e8c-82d8-572896342087,,,,,,,,,
187,14584178,14588740,Flange-1224,Geometry Group,,82228cfb-3533-5e5d-bfd5-966fdd95ab31,,,,,,,,,
188,14594334,14598881,Flange-1229,Geometry Group,,2cd712bd-50de-5abe-990d-05bac8ebd85f,,,,,,,,,
189,14605317,14609865,Flange-1210,Geometry Group,,a6bccf68-6948-545a-aab5-a676707210ca,,,,,,,,,
190,14612579,14617137,Flange-1211,Geometry Group,,2f82cd44-fac5-50fd-a7ca-cc1cd5049d67,,,,,,,,,
191,14617594,14622152,Flange-1212,Geometry Group,,56f48234-7186-53b6-831e-a036338d8f47,,,,,,,,,
192,14626314,14630861,Flange-1203,Geometry Group,,c01d86f6-1317-526a-a606-da2268955961,,,,,,,,,
193,14637622,14642165,Flange-1207,Geometry Group,,34cce662-fc1a-5c3c-8137-d13ba21aa973,,,,,,,,,
194,14642622,14647169,Flange-1208,Geometry Group,,64c2048c-c0b4-5836-9265-55a6dec3bc02,,,,,,,,,
195,14651311,14655853,Flange-1204,Geometry Group,,9f1bff03-e538-546f-94b1-f4ddf6060356,,,,,,,,,
196,14657823,14662361,Flange-1209,Geometry Group,,85dcd2e1-53c8-51c0-bfe1-56db86ec0642,,,,,,,,,
197,14665796,14670344,Flange-1205,Geometry Group,,f1fed953-83ee-595b-87d1-bbd6ff970189,,,,,,,,,
198,14670801,14675343,Flange-1206,Geometry Group,,8ce08d56-7e36-5df6-ba4f-a3c65c9b5a2d,,,,,,,,,
199,14681417,14685964,Flange-1214,Geometry Group,,68c29edc-f315-53df-b24f-07d5bfbf9061,,,,,,,,,
200,14688316,14692863,Flange-1213,Geometry Group,,3ca4c225-f5af-5e1a-99df-6f7e408fd874,,,,,,,,,
201,14694853,14699410,Flange-1215,Geometry Group,,621e4f43-f450-5fa8-8d31-687b60c66580,,,,,,,,,
202,14699867,14704424,Flange-1216,Geometry Group,,8a84684a-d053-548f-8992-d3b0bb7e5b33,,,,,,,,,
203,14710864,14715408,Flange-1196,Geometry Group,,b6f9e43c-12b4-5452-953e-54679d9594d6,,,,,,,,,
204,14718122,14722662,Flange-1200,Geometry Group,,8d5b0988-4a40-5ccb-a705-8f327fd45594,,,,,,,,,
205,14726804,14731338,Flange-1197,Geometry Group,,21804c94-479a-5f39-977f-6ef840a6c58f,,,,,,,,,
206,14731795,14736329,Flange-1198,Geometry Group,,26b60875-d60b-5d66-a1a3-18df3c7b7157,,,,,,,,,
207,14736786,14741309,Flange-1301,Geometry Group,,f084d70d-65d4-51a3-b685-d2d20f591162,,,,,,,,,
208,14747302,14751845,Flange-1230,Geometry Group,,67a00a8a-47f3-5885-9c96-bcba889ee503,,,,,,,,,
209,14754197,14758736,Flange-1231,Geometry Group,,2753c931-6dda-54ae-a0e0-de3ac789d554,,,,,,,,,
210,14763260,14767803,Flange-1235,Geometry Group,,a54bd07e-c2d9-50d4-bd62-8eb039e6661e,,,,,,,,,
211,14768260,14772803,Flange-1236,Geometry Group,,7c406965-2108-5035-8d1a-1c3f4b2deb9e,,,,,,,,,
212,14773260,14777792,Flange-1302,Geometry Group,,0c345748-b819-5ff3-b0da-762d445e270f,,,,,,,,,
213,14784123,14788653,Flange-1194,Geometry Group,,65981d60-63ae-5629-acd1-d842b0ec75d5,,,,,,,,,
214,14789110,14793646,Flange-1195,Geometry Group,,95410358-9777-5fe9-bddb-a04d57431417,,,,,,,,,
215,14796702,14801230,Flange-1193,Geometry Group,,eca04ca6-919a-5be3-93db-a9b9c703ccfb,,,,,,,,,
216,14804303,14808832,Flange-1234,Geometry Group,,0618ae2c-872c-5052-919b-fd0c9e632595,,,,,,,,,
217,14811526,14816061,Flange-1232,Geometry Group,,12b0500e-9e63-5225-8504-02fe19a24c9e,,,,,,,,,
218,14816518,14821047,Flange-1233,Geometry Group,,e87c86af-28c2-588c-ab5f-9604c72de47a,,,,,,,,,
219,14827809,14832356,Flange-1225,Geometry Group,,924bb613-84f3-5b8b-8793-5f432ea07c8f,,,,,,,,,
220,14832813,14837360,Flange-1226,Geometry Group,,8600b613-9a17-59fe-99b6-fc5c56f31c03,,,,,,,,,
221,14841161,14845714,Flange-1227,Geometry Group,,53d65d33-90ac-5350-9257-ec2ad5e52435,,,,,,,,,
222,14846171,14850718,Flange-1228,Geometry Group,,4b5f21e0-5f21-5ea5-aab0-6b0c5538bca8,,,,,,,,,
223,14870313,14874860,Flange-1129,Geometry Group,,7df4d362-6aba-50da-b79a-37a83921a10b,,,,,,,,,
224,14877212,14881758,Flange-1128,Geometry Group,,9cbd853b-4750-5c16-a6bc-8c91599fdda3,,,,,,,,,
225,14883748,14888306,Flange-1147,Geometry Group,,c154e8c8-6936-51c2-b203-131666b0d696,,,,,,,,,
226,14888763,14893321,Flange-1148,Geometry Group,,876ac87b-3ffd-561a-9e7f-bc361dcbd778,,,,,,,,,
227,14895588,14900122,Weldolet-0205,Geometry Group,,6894d102-35a2-5ebd-b437-4a0b20620484,,,,,,,,,
228,14903560,14908117,Flange-1130,Geometry Group,,1ec75906-2614-5f07-80bb-7ecac74ced9f,,,,,,,,,
229,14908574,14913131,Flange-1131,Geometry Group,,f5f4116f-2183-536b-a680-3c20ca22cdc1,,,,,,,,,
230,14913588,14918146,Flange-1132,Geometry Group,,9db8a614-5d48-5f85-8ba8-9ef00d53d44a,,,,,,,,,
231,14918603,14923161,Flange-1133,Geometry Group,,ebbfb932-b7cc-5b23-b12c-38015728a951,,,,,,,,,
232,14930581,14935138,Flange-1151,Geometry Group,,c6abcee6-71ec-5c23-b7f6-b554fafb0e65,,,,,,,,,
233,14935595,14940152,Flange-1152,Geometry Group,,c7926c79-6609-5240-abe8-ac1d974ddcbc,,,,,,,,,
234,14940609,14945166,Flange-1153,Geometry Group,,e7140a0b-ff03-50e5-9dc4-c65572dba1a7,,,,,,,,,
235,14945623,14950180,Flange-1154,Geometry Group,,64fe5ed1-fe7c-563a-9426-b41e44749bc4,,,,,,,,,
236,14956876,14961439,Flange-1149,Geometry Group,,7627e564-22af-5365-82f0-87753fb5eb34,,,,,,,,,
237,14963791,14968349,Flange-1140,Geometry Group,,b4cce0d5-2561-54af-84ad-ad9332f2b906,,,,,,,,,
238,14968806,14973363,Flange-1141,Geometry Group,,17ea7758-c0ae-5d88-be98-fad93007deec,,,,,,,,,
239,14973820,14978378,Flange-1142,Geometry Group,,b8c44c6d-eb3b-5baa-8890-4c815ce14092,,,,,,,,,
240,14978835,14983392,Flange-1143,Geometry Group,,3e4765ab-6c8b-547f-88d5-679430b69821,,,,,,,,,
241,14983849,14988418,Flange-1144,Geometry Group,,5895dbd7-9740-59ad-95f8-20f8d180947e,,,,,,,,,
242,14988875,14993432,Flange-1145,Geometry Group,,bad42577-6402-59b4-8b6d-8615c6720f62,,,,,,,,,
243,14993889,14998446,Flange-1146,Geometry Group,,3f35e6ab-ec32-558f-a864-38f5b0c0fd0e,,,,,,,,,
244,15003332,15007895,Flange-1150,Geometry Group,,c5363bd7-4e80-516e-86cc-abc05c0abcd4,,,,,,,,,
245,15012037,15016585,Flange-1134,Geometry Group,,f949a6fd-2f45-5c97-8c69-c53ade516626,,,,,,,,,
246,15017042,15021600,Flange-1135,Geometry Group,,a613a993-25db-5b6e-8c4f-f3be11229e54,,,,,,,,,
247,15022057,15026606,Flange-1136,Geometry Group,,f17b3b81-6d9f-508d-8afa-7c06a1f6166e,,,,,,,,,
248,15027063,15031611,Flange-1137,Geometry Group,,f5844217-1b55-5031-a5b7-242fd5da29c7,,,,,,,,,
249,15032068,15036614,Flange-1138,Geometry Group,,6bedfdcd-b096-5678-b73c-6a53c48697e7,,,,,,,,,
250,15037071,15041618,Flange-1139,Geometry Group,,ef4b5f79-29df-5884-94ec-6b209780a27a,,,,,,,,,
251,15056948,15061494,Flange-1108,Geometry Group,,38b22626-6a2c-5b8a-9362-1b3f246b87e8,,,,,,,,,
252,15061951,15066496,Flange-1109,Geometry Group,,5053d7af-99e5-5337-b242-fc611d0c867e,,,,,,,,,
253,15068486,15073044,Flange-1124,Geometry Group,,a4900d18-de5f-5a31-93a1-9b36d68df23c,,,,,,,,,
254,15073501,15078059,Flange-1125,Geometry Group,,014e130f-b631-56a8-be32-e2694dafdd42,,,,,,,,,
255,15080326,15084861,Weldolet-0202,Geometry Group,,c8ab72c6-a8b0-514f-aa9f-487978d59604,,,,,,,,,
256,15087213,15091759,Flange-1107,Geometry Group,,a2dc4df2-c932-5fc1-bbb1-1547a78dacf6,,,,,,,,,
257,15095197,15099755,Flange-1119,Geometry Group,,41f4c0d3-1b2c-50ea-ac64-ba8a42751e7d,,,,,,,,,
258,15100212,15104768,Flange-1120,Geometry Group,,5ccd979d-0756-54df-ad59-ffb1d98f45ec,,,,,,,,,
259,15105225,15109783,Flange-1121,Geometry Group,,1d0d4295-e1a6-520e-afc6-ad819de4fc6f,,,,,,,,,
260,15110240,15114796,Flange-1122,Geometry Group,,ea4e58a7-e362-5c89-8c92-1ab1f03c01f8,,,,,,,,,
261,15115253,15119809,Flange-1123,Geometry Group,,4962d2b3-8027-59e1-8df8-df2d094c9422,,,,,,,,,
262,15126867,15131424,Flange-1243,Geometry Group,,a4e00eea-c755-54c0-9ce5-46e9565cb239,,,,,,,,,
263,15131881,15136438,Flange-1244,Geometry Group,,bb2cc67a-764a-53fc-a404-515b9cefdfd8,,,,,,,,,
264,15136895,15141450,Flange-1245,Geometry Group,,06288042-1788-5c2f-ad88-0346f1202ab1,,,,,,,,,
265,15141907,15146462,Flange-1246,Geometry Group,,7af1a7f5-00b4-5865-8b3a-c3f830e7b9f7,,,,,,,,,
266,15153158,15157720,Flange-1126,Geometry Group,,4735d597-f269-5af7-a2d7-a01db09ab88c,,,,,,,,,
267,15160434,15164990,Flange-1112,Geometry Group,,389323da-16a6-5cf5-a063-58f78bb80266,,,,,,,,,
268,15165447,15170003,Flange-1113,Geometry Group,,59683c3f-db2e-5e8e-9ac4-c2011dfab5c9,,,,,,,,,
269,15170460,15175016,Flange-1114,Geometry Group,,2222b6ec-e2b0-5663-9014-3d2f732bb96a,,,,,,,,,
270,15175473,15180029,Flange-1115,Geometry Group,,131c0636-7a00-5b5a-a436-4b921893739c,,,,,,,,,
271,15180486,15185054,Flange-1116,Geometry Group,,b49e8c75-8fcc-5d9e-a809-e0a9ead1dd0c,,,,,,,,,
272,15185511,15190067,Flange-1117,Geometry Group,,cd77aa32-746f-5f3a-9a08-b48818f54913,,,,,,,,,
273,15190524,15195080,Flange-1118,Geometry Group,,b416a226-52eb-5931-8750-a5bfb8b87e83,,,,,,,,,
274,15201414,15205971,Flange-1105,Geometry Group,,6689a782-2f8c-50f0-b913-e69be81f20b7,,,,,,,,,
275,15206428,15210985,Flange-1106,Geometry Group,,eb1d4917-5e21-5157-95ea-71f910b4ad9f,,,,,,,,,
276,15211442,15216001,Flange-1110,Geometry Group,,4360fc8a-b050-5593-825f-2686a799f81e,,,,,,,,,
277,15216458,15221016,Flange-1111,Geometry Group,,62fde936-8f70-5ece-94e9-0b21c4c2a2a5,,,,,,,,,
278,15228855,15233407,Flange-1127,Geometry Group,,c95242a2-d352-53c8-be70-65037186f5c2,,,,,,,,,
279,15236862,15241415,Flange-1103,Geometry Group,,68b77de9-a765-5124-b5cb-e6ccf4f97940,,,,,,,,,
280,15244491,15249042,Flange-1102,Geometry Group,,d83325ab-73b5-5869-aca8-2ea1aa376cf8,,,,,,,,,
281,15254669,15259225,Flange-1101,Geometry Group,,a77830b2-fdcf-5d77-a239-8d1ced42a76c,,,,,,,,,
282,15259682,15264237,Flange-1104,Geometry Group,,31bcbe23-652f-506b-96a4-ae40ee3095a2,,,,,,,,,
283,15273557,15278107,Flange-1260,Geometry Group,,68ab77ff-14e2-5d87-aae4-c574f6789d0d,,,,,,,,,
284,15278564,15283116,Flange-1261,Geometry Group,,8ce93a8d-1946-5e6e-aae1-c5999d400bcc,,,,,,,,,
285,15286538,15291082,Flange-1259,Geometry Group,,56c73740-20d5-5d9d-a647-0f920e98ff59,,,,,,,,,
286,15297075,15301638,Flange-1155,Geometry Group,,f0a47d28-2857-5faa-8697-47fca5a2b4b5,,,,,,,,,
287,15302095,15306659,Flange-1156,Geometry Group,,acd9b5fc-58bb-5503-8792-44f4a2bc4457,,,,,,,,,
288,15322774,15327342,Flange-1262,Geometry Group,,1719b60e-5cfc-574a-a37c-f1733bc17f1e,,,,,,,,,
289,15329698,15334266,Flange-1263,Geometry Group,,6f5d1cce-5901-5824-be7b-9800764c542c,,,,,,,,,
290,15339136,15343689,Flange-1253,Geometry Group,,2003d7a7-caee-5299-b815-032739974ef6,,,,,,,,,
291,15344146,15348703,Flange-1254,Geometry Group,,3f9c36b5-1431-54a4-80f3-7a88510604a7,,,,,,,,,
292,15349160,15353715,Flange-1255,Geometry Group,,824e02bf-3a91-573a-81a5-6acb9f36f9c6,,,,,,,,,
293,15354172,15358724,Flange-1256,Geometry Group,,6db6ef7e-11ed-5e6a-b39f-67d52fb4b723,,,,,,,,,
294,15359181,15363733,Flange-1257,Geometry Group,,1b49a331-fd66-5b5f-9d43-63ac680ec584,,,,,,,,,
295,15364190,15368738,Flange-1258,Geometry Group,,1e849bf0-127d-5f07-adfa-b618a31f00ba,,,,,,,,,
296,15377603,15382139,Flange-1238,Geometry Group,,313bfa46-b6b4-5139-a95c-65b6089c6e2f,,,,,,,,,
297,15382596,15387126,Flange-1239,Geometry Group,,069c9f80-03cf-5f1f-9a1e-38e951d77a15,,,,,,,,,
298,15390561,15395096,Flange-1201,Geometry Group,,4c6e06fb-5d59-511e-85ab-b4753770527e,,,,,,,,,
299,15395553,15400082,Flange-1202,Geometry Group,,401f0b7d-ae29-58d3-8cc4-39e4cd8cb9df,,,,,,,,,
300,15404202,15407919,Aspects,Geometry Group,,164509dc-370f-5d34-8b64-62971acb2422,,,,,,,,,
301,15412031,15415748,Aspects,Geometry Group,,1658e112-8bdd-5be0-ad77-18455bcda6b8,,,,,,,,,
302,15419860,15423563,Aspects,Geometry Group,,9f5f77d0-f473-5d4d-adff-17a92d8f9946,,,,,,,,,
303,15435699,15440257,Flange-2311,Geometry Group,,9c41c247-971b-5d19-8a8a-1c33d8a312bf,,,,,,,,,
304,15444399,15448939,Flange-2304,Geometry Group,,3f500fcc-8bcd-5471-a215-5f5f4981be45,,,,,,,,,
305,15449396,15453936,Flange-2309,Geometry Group,,d9da5201-6156-5304-9c07-487fc31cced6,,,,,,,,,
306,15454393,15458954,Flange-2310,Geometry Group,,37bc02ef-bb01-5771-8723-b3f438262b89,,,,,,,,,
307,15461286,15465835,Flange-2307,Geometry Group,,3e9598d1-410a-50ad-ad75-0b80da92f983,,,,,,,,,
308,15466292,15470841,Flange-2308,Geometry Group,,f076253b-4665-5bfa-93c7-1d06b66c3838,,,,,,,,,
309,15474983,15479529,Flange-2302,Geometry Group,,767d7695-47f3-5034-a479-3f5660b642d0,,,,,,,,,
310,15479986,15484535,Flange-2303,Geometry Group,,3e71d497-f179-5a8c-8e98-9cf684a4796b,,,,,,,,,
311,15490125,15494674,Flange-2305,Geometry Group,,c15aeca9-60bd-56ed-a0a5-df38523f4599,,,,,,,,,
312,15495131,15499680,Flange-2306,Geometry Group,,6527ad70-2a1b-55c2-8bf4-7aff2664e741,,,,,,,,,
313,15500137,15504682,Flange-2314,Geometry Group,,62e3ee9d-d4b8-530d-9574-ccec4f53632d,,,,,,,,,
314,15512099,15516637,Flange-2412,Geometry Group,,5df68c27-bafb-582f-8b4a-4d2677c7a11c,,,,,,,,,
315,15520779,15525317,Flange-1219,Geometry Group,,88918b17-ee00-5bb8-b1f8-3abb3ed8ad3c,,,,,,,,,
316,15530907,15535438,Flange-1181,Geometry Group,,dd1a7837-a2bf-5507-895b-51840b25ca14,,,,,,,,,
317,15535895,15540441,Flange-1182,Geometry Group,,0019dc93-f26b-5ffb-b0aa-b5241ff13c9e,,,,,,,,,
318,15540898,15545416,Flange-1183,Geometry Group,,884f86bb-5dd9-5855-92ca-071558fcadb9,,,,,,,,,
319,15545873,15550391,Flange-1184,Geometry Group,,9309dbc5-b4b4-5ead-8e05-acd3b8ef9241,,,,,,,,,
320,15550848,15555382,Flange-1185,Geometry Group,,471618eb-b2ad-5e32-baad-b4eac7d2b171,,,,,,,,,
321,15555839,15560373,Flange-1186,Geometry Group,,e26ed490-3ace-55db-b8c4-edbadabe8095,,,,,,,,,
322,15567411,15571945,Flange-1187,Geometry Group,,7377967b-c993-57d6-9965-57ae0bc7553f,,,,,,,,,
323,15572402,15576936,Flange-1188,Geometry Group,,b455e552-f81e-5ffa-8985-da820870c353,,,,,,,,,
324,15577393,15581939,Flange-1189,Geometry Group,,8160507e-84ee-548e-b1fb-2e69c692d92e,,,,,,,,,
325,15582396,15586914,Flange-1190,Geometry Group,,e795dcd6-43bc-5735-9b7f-dc3650603df8,,,,,,,,,
326,15587371,15591889,Flange-1191,Geometry Group,,79591709-408b-5c13-8a33-f127fa8c5c6a,,,,,,,,,
327,15597858,15602397,Flange-1160,Geometry Group,,1c7ff8cd-247b-57d3-b0e5-3f22a921b98c,,,,,,,,,
328,15604005,15608544,Flange-1161,Geometry Group,,18b6f5e6-5fec-550c-9747-5ccab90de67d,,,,,,,,,
329,15611962,15616510,Flange-1172,Geometry Group,,adddff39-2704-56c3-806f-288e1156bd42,,,,,,,,,
330,15616967,15621515,Flange-1173,Geometry Group,,83f22977-5a5d-5927-b901-fce0b0361298,,,,,,,,,
331,15621972,15626519,Flange-1174,Geometry Group,,d5c4cb99-9daa-5e6f-b7bf-4e5066e8002a,,,,,,,,,
332,15626976,15631523,Flange-1175,Geometry Group,,139b8909-17c1-576d-a37e-64f6695c97ed,,,,,,,,,
333,15639285,15643830,Flange-1167,Geometry Group,,12e26fb9-7241-58e1-8205-5d74b46f971a,,,,,,,,,
334,15644287,15648835,Flange-1168,Geometry Group,,37e6c34b-8a3b-501a-8217-a743c4059a1e,,,,,,,,,
335,15649292,15653840,Flange-1169,Geometry Group,,b1eb6630-1618-53a4-8bef-4054b6a0318a,,,,,,,,,
336,15654297,15658846,Flange-1170,Geometry Group,,9f46c923-0c59-52df-a622-e48bba49d824,,,,,,,,,
337,15659303,15663852,Flange-1171,Geometry Group,,46574908-c119-5a79-9805-28d490de9311,,,,,,,,,
338,15673079,15677609,Flange-1179,Geometry Group,,b4ccb72f-f281-5118-890c-32504caf526e,,,,,,,,,
339,15678066,15682596,Flange-1180,Geometry Group,,079544bb-4fbc-500c-8ec3-bf88137682ac,,,,,,,,,
340,15690039,15693874,Conduits-EC--0001-COND-0002,Geometry Group,,83fe3efa-041b-5e6c-ae5e-0ce2ef6d3b90,,,,,,,,,
341,15696293,15700128,Conduits-EC--0002-COND-0001,Geometry Group,,74a4ebe9-0490-5c8b-bbda-3406521ca215,,,,,,,,,
342,15702128,15705963,Conduits-EC--0002-COND-0005,Geometry Group,,1bed0527-cbcd-5ea7-ad8b-bb0a0501c7a2,,,,,,,,,
343,15706877,15710712,Conduits-EC--0002-COND-0006,Geometry Group,,726a0553-509d-53f7-b3ec-b49a226e321b,,,,,,,,,
344,15713131,15716966,Conduits-EC--0003-COND-0001,Geometry Group,,bfe63587-3903-56ba-bd5e-bfee571d9446,,,,,,,,,
345,15718242,15722078,Conduits-EC--0003-COND-0003,Geometry Group,,ad181562-a719-5284-af15-1c1a6c0df215,,,,,,,,,
346,15725221,15729055,Conduits-EC--0004-COND-0002,Geometry Group,,b14db172-dad3-59c9-81b8-30528750aafa,,,,,,,,,
347,15731836,15735670,Conduits-EC--0005-COND-0002,Geometry Group,,f16de8d9-4ba9-5791-9f17-f53d35f765a8,,,,,,,,,
348,15774705,15778421,MCC-1010,Geometry Group,,bb46ab61-a43f-5df3-b885-8a3f36dc329b,,,,,,,,,
349,15787933,15791649,PDB-1001,Geometry Group,,4a44409a-6349-5650-9e99-ffe06e489221,,,,,,,,,
350,15793477,15797194,PDB-1010,Geometry Group,,4171a773-84ba-53f4-a3df-8fc96690989a,,,,,,,,,
351,15799936,15803653,PDB-2010,Geometry Group,,0a2d6c16-3af9-5c88-85e7-a631021fc895,,,,,,,,,
352,15805481,15809174,T-1001,Geometry Group,,0a35ad14-31d6-5676-a52f-dbeab392a61f,,,,,,,,,
353,15811002,15814695,T-1002,Geometry Group,,c4894f38-fac7-571a-b88e-df9a2c48f44e,,,,,,,,,
354,15876403,15880293,Trays-ET--0009-TRAY-0001,Geometry Group,,3c532293-2fd9-5da9-ba28-a4ac2aee5ae2,,,,,,,,,
355,15887550,15891278,Aspects,Geometry Group,,015411ad-b0db-5640-80c1-e6caba8704ab,,,,,,,,,
356,15894644,15898359,Aspects,Geometry Group,,d48df15f-7247-58c6-83e0-c8ab7ffef69d,,,,,,,,,
357,15903743,15907458,Aspects,Geometry Group,,c1e2ecd6-ea57-5215-8d1f-8fca31934ec4,,,,,,,,,
358,15912842,15916558,Aspects,Geometry Group,,bb696921-1e55-53fd-85fd-4f787cb735ef,,,,,,,,,
359,15924920,15929452,Flange-1247,Geometry Group,,5f0c4861-45b3-57e6-9402-ab5e17f850ff,,,,,,,,,
360,15929909,15934441,Flange-1248,Geometry Group,,4b256e41-0544-5e4d-abd2-0585c01e0d3f,,,,,,,,,
361,15934898,15939420,Flange-1249,Geometry Group,,bd5d5972-fcf1-51e7-b0fd-b592ebd76a4f,,,,,,,,,
362,15939877,15944411,Flange-1250,Geometry Group,,30f3f684-d2f8-528e-9372-8103921aad80,,,,,,,,,
363,15948191,15952728,Flange-1241,Geometry Group,,6485a287-500a-528f-8230-641bef8bef0f,,,,,,,,,
364,15955784,15960320,Flange-1252,Geometry Group,,36d9ecae-a10f-5ae4-9d6f-e8836d70c6b0,,,,,,,,,
365,15962652,15967190,Flange-1242,Geometry Group,,4580d265-7436-55e2-9509-51377820cbb3,,,,,,,,,
366,15969160,15973684,Flange-1251,Geometry Group,,1bdf3eca-b10f-539a-876e-de02070d44b0,,,,,,,,,
367,15975654,15980192,Flange-1240,Geometry Group,,d96e95bd-e951-50fc-b653-255bcbe0dcd6,,,,,,,,,
368,16072534,16077059,Flange-0032,Geometry Group,,76f969c8-88ab-530c-8e9d-f7130de8ba58,,,,,,,,,
369,16077516,16082041,Flange-0033,Geometry Group,,d6e731dd-870a-5ffe-8539-690e90c41cd1,,,,,,,,,
370,16087619,16092135,Flange-0031,Geometry Group,,d985c161-f40b-5d02-9a02-65142eacae59,,,,,,,,,
371,16092592,16097117,Flange-0034,Geometry Group,,5be7678b-6762-5d6c-b97f-36fe4dd8954f,,,,,,,,,
372,16097574,16102099,Flange-0035,Geometry Group,,37eec496-4216-5a79-8e06-f67c293e6fcc,,,,,,,,,
373,16102556,16107081,Flange-0036,Geometry Group,,6c6b2d38-a934-5444-9fc0-35af44038e33,,,,,,,,,
374,16107538,16112063,Flange-0037,Geometry Group,,0c5fc315-f965-5886-9957-cd851bfe360a,,,,,,,,,
375,16112520,16117035,Flange-0038,Geometry Group,,c9fec168-1a5c-5c94-ba4f-5b97d20e6a60,,,,,,,,,
376,16117492,16122007,Flange-0039,Geometry Group,,40d5abf9-e4f9-587d-bd90-3c6e10d03fa7,,,,,,,,,
377,16122464,16126989,Flange-0042,Geometry Group,,79811c8c-f69b-53ff-b229-312a7bc1f330,,,,,,,,,
378,16127446,16131971,Flange-0043,Geometry Group,,7d1a70b5-4c9e-56e9-867c-dfba804b11c8,,,,,,,,,
379,16132428,16136944,Flange-0044,Geometry Group,,af5a0834-457f-5ce3-ab37-54bd36bbb061,,,,,,,,,
380,16137401,16141916,Flange-0045,Geometry Group,,12c03e7e-90cf-551e-849e-5e751058ca75,,,,,,,,,
381,16158645,16162317,Aspects,Geometry Group,,f5b18a66-017d-53a2-beb2-40ac58d49d0e,,,,,,,,,
382,16165774,16169446,Aspects,Geometry Group,,9f51e271-36eb-5dce-83ec-983f0c926cf8,,,,,,,,,
383,16173360,16177032,Aspects,Geometry Group,,6dac6879-2ddb-58a6-88a9-993cc580e77f,,,,,,,,,
384,16182665,16186420,Aspects,Geometry Group,,9ba24df5-58c1-5d2a-9938-c76fc3636363,,,,,,,,,
385,16188700,16192454,Aspects,Geometry Group,,ad1ee447-8f50-5c8f-8396-2be5fee60c8f,,,,,,,,,
386,16194734,16198488,Aspects,Geometry Group,,850915a1-8ebc-5683-8eb5-99bf24fdcf48,,,,,,,,,
387,16200768,16204522,Aspects,Geometry Group,,a55507ac-f68b-5208-808d-debc9ebac9c0,,,,,,,,,
388,16206802,16210556,Aspects,Geometry Group,,7ee6223e-a940-5e44-acec-e9890091e4de,,,,,,,,,
389,16212836,16216590,Aspects,Geometry Group,,99a56cef-9590-5fa8-aa04-a63cf800cc3b,,,,,,,,,
390,16218930,16222699,Aspects,Geometry Group,,a6dd04de-179a-52fd-819f-765d527f0026,,,,,,,,,
391,16224975,16228609,Aspects,Geometry Group,,e58539cb-80b2-58c8-ba7d-ea93ac5d19c7,,,,,,,,,
392,16235722,16239356,Aspects,Geometry Group,,d18dc280-b870-50db-9a90-5626ae27d5c2,,,,,,,,,
393,16245917,16249551,Aspects,Geometry Group,,c4e64b5e-c9b2-531d-96c9-12cdcfea33de,,,,,,,,,
394,16256112,16259746,Aspects,Geometry Group,,d1765ad7-2be2-5e4a-81e8-fa314f43c4f7,,,,,,,,,
395,16265945,16269579,Aspects,Geometry Group,,e3b6fcac-f2e6-54e5-873f-2628a7379ebf,,,,,,,,,
396,16279694,16284342,Flange-3574,Geometry Group,,027f6a20-7c94-54bd-a62a-ff59fdd90c7b,,,,,,,,,
397,16289295,16293941,Flange-3436,Geometry Group,,81ecc00f-feff-5989-8ddd-54ad2cf0403f,,,,,,,,,
398,16294398,16299044,Flange-3437,Geometry Group,,9c084556-c89e-55de-9d49-cc0aace039d2,,,,,,,,,
399,16299501,16304151,Flange-3438,Geometry Group,,9193081e-401b-547e-be64-933c515a47e2,,,,,,,,,
400,16307142,16311739,Weldolet-0205,Geometry Group,,3ff7ca72-dd3d-5462-a28c-998b069de836,,,,,,,,,
401,16316692,16321339,Flange-3444,Geometry Group,,0faef096-0358-532f-9f33-73f6f1506e98,,,,,,,,,
402,16321796,16326443,Flange-3445,Geometry Group,,f8fffde6-bb16-56a6-a60b-33640b35f75f,,,,,,,,,
403,16326900,16331550,Flange-3446,Geometry Group,,17969d70-e6e4-5505-a7fc-4a562d969f44,,,,,,,,,
404,16334903,16339499,Weldolet-0201,Geometry Group,,f3aa1b96-d768-5614-b247-cbd18c541d8d,,,,,,,,,
405,16344090,16348736,Flange-3595,Geometry Group,,a60f6ef8-078f-5024-8abd-469bb3668272,,,,,,,,,
406,16349193,16353839,Flange-3596,Geometry Group,,913428d8-d5be-5b8f-abaf-8321f69f2922,,,,,,,,,
407,16354296,16358942,Flange-3597,Geometry Group,,ad1e4beb-dd31-5956-aad8-091f9780b541,,,,,,,,,
408,16359399,16364049,Flange-3598,Geometry Group,,14e27285-99f1-5f5c-be99-5584ee378f90,,,,,,,,,
409,16370088,16374735,Flange-3577,Geometry Group,,3e2d39e2-0575-571d-9eea-7f7b0a844a80,,,,,,,,,
410,16380412,16385052,Flange-3607,Geometry Group,,7c734c8c-0e37-5c7c-892e-30e88f2a2538,,,,,,,,,
411,16387681,16392277,Weldolet-0231,Geometry Group,,d40b5573-c347-5d4f-b61e-c984c73736a3,,,,,,,,,
412,16396506,16401157,Flange-3452,Geometry Group,,6a720045-046e-516e-b698-42196fba5a6f,,,,,,,,,
413,16403786,16408383,Weldolet-0206,Geometry Group,,c2a33c6c-a9a9-5e9a-8553-d0b0f58f12bd,,,,,,,,,
414,16414487,16419106,Flange-11501,Geometry Group,,c1168fa5-6655-54e6-bf64-d011dacdb034,,,,,,,,,
415,16419563,16424204,Flange-11502,Geometry Group,,3bb47741-1a0c-5e60-a728-c9deff454dd9,,,,,,,,,
416,16428787,16433425,Flange-3539,Geometry Group,,104dfe85-8011-5698-99fd-47c4acbfe214,,,,,,,,,
417,16435103,16439741,Flange-3544,Geometry Group,,b37e19c5-8fe6-54a4-8501-56a72173e57c,,,,,,,,,
418,16446861,16448557,Geometry,Geometry Group,,,,,,,,,,,
419,16453736,16455432,Geometry,Geometry Group,,,,,,,,,,,
420,16459644,16464282,Flange-3546,Geometry Group,,b7b24113-8311-5d2b-9679-b45369de10cc,,,,,,,,,
421,16464739,16469381,Flange-4203,Geometry Group,,73acf5bf-1f7b-5066-9916-24f6f485ca13,,,,,,,,,
422,16476506,16478202,Geometry,Geometry Group,,,,,,,,,,,
423,16483147,16487789,Flange-3556,Geometry Group,,83808afc-f3c5-5e75-9f34-20f6fa2024d2,,,,,,,,,
424,16488246,16492888,Flange-3557,Geometry Group,,a29881ff-26c6-574b-8a09-2aeb90a167d4,,,,,,,,,
425,16493345,16497986,Flange-3558,Geometry Group,,997742f6-18a5-5720-99fd-ccd5ae40d1db,,,,,,,,,
426,16498443,16503084,Flange-3559,Geometry Group,,03173681-0a7e-5403-8991-81ec92cbab37,,,,,,,,,
427,16503541,16508193,Flange-3560,Geometry Group,,5758c729-7c64-5bea-8f84-e34ffb112c54,,,,,,,,,
428,16513491,16518133,Flange-3569,Geometry Group,,13a299fb-0e14-5a08-bb62-40cc6ede9017,,,,,,,,,
429,16518590,16523232,Flange-3570,Geometry Group,,84001d9d-e4c0-5e58-b9c3-c2f00cfcbb3a,,,,,,,,,
430,16523689,16528330,Flange-3571,Geometry Group,,c21ace31-c45d-5423-ab25-aa2414f1dd77,,,,,,,,,
431,16528787,16533428,Flange-3572,Geometry Group,,a4d9da0f-e2a3-5e66-80f4-8ef05756fdb7,,,,,,,,,
432,16533885,16538537,Flange-3573,Geometry Group,,5f0307dd-e4eb-5f7a-873a-9b6fc280519b,,,,,,,,,
433,16547468,16549164,Geometry,Geometry Group,,,,,,,,,,,
434,16554331,16556027,Geometry,Geometry Group,,,,,,,,,,,
435,16569428,16571124,Geometry,Geometry Group,,,,,,,,,,,
436,16576283,16577979,Geometry,Geometry Group,,,,,,,,,,,
437,16586558,16588254,Geometry,Geometry Group,,,,,,,,,,,
438,16593431,16595127,Geometry,Geometry Group,,,,,,,,,,,
439,16600316,16602012,Geometry,Geometry Group,,,,,,,,,,,
440,16610944,16612640,Geometry,Geometry Group,,,,,,,,,,,
441,16617817,16619513,Geometry,Geometry Group,,,,,,,,,,,
442,16624702,16626398,Geometry,Geometry Group,,,,,,,,,,,
443,16631343,16635960,Sockolet-0404,Geometry Group,,98ac8048-3510-5410-8df2-7e2e35c1f2f8,,,,,,,,,
444,16639543,16644160,Sockolet-0403,Geometry Group,,71105898-f15e-50ab-befc-cbaf860f915e,,,,,,,,,
445,16651727,16653423,Geometry,Geometry Group,,,,,,,,,,,
446,16658588,16660284,Geometry,Geometry Group,,,,,,,,,,,
447,16666682,16668378,Geometry,Geometry Group,,,,,,,,,,,
448,16673555,16675251,Geometry,Geometry Group,,,,,,,,,,,
449,16681491,16683187,Geometry,Geometry Group,,,,,,,,,,,
450,16691746,16693442,Geometry,Geometry Group,,,,,,,,,,,
451,16698612,16700308,Geometry,Geometry Group,,,,,,,,,,,
452,16705479,16707175,Geometry,Geometry Group,,,,,,,,,,,
453,16712346,16714042,Geometry,Geometry Group,,,,,,,,,,,
454,16719212,16720908,Geometry,Geometry Group,,,,,,,,,,,
455,16726078,16727774,Geometry,Geometry Group,,,,,,,,,,,
456,16732955,16734651,Geometry,Geometry Group,,,,,,,,,,,
457,16745749,16747445,Geometry,Geometry Group,,,,,,,,,,,
458,16752616,16754312,Geometry,Geometry Group,,,,,,,,,,,
459,16759482,16761178,Geometry,Geometry Group,,,,,,,,,,,
460,16766348,16768044,Geometry,Geometry Group,,,,,,,,,,,
461,16773225,16774921,Geometry,Geometry Group,,,,,,,,,,,
462,16789399,16791095,Geometry,Geometry Group,,,,,,,,,,,
463,16796262,16797958,Geometry,Geometry Group,,,,,,,,,,,
464,16803119,16804815,Geometry,Geometry Group,,,,,,,,,,,
465,16820395,16822091,Geometry,Geometry Group,,,,,,,,,,,
466,16827264,16828960,Geometry,Geometry Group,,,,,,,,,,,
467,16829779,16834419,Flange-3442,Geometry Group,,85940e38-f00d-5149-a409-953392d1576e,,,,,,,,,
468,16839224,16840920,Geometry,Geometry Group,,,,,,,,,,,
469,16851785,16856423,Flange-3562,Geometry Group,,81f1af96-a5f0-5684-a3ab-6b403e07e20f,,,,,,,,,
470,16858101,16862740,Flange-3545,Geometry Group,,5adb1640-3068-592c-bd08-d2eba3462769,,,,,,,,,
471,16865504,16870143,Flange-3552,Geometry Group,,5a056dd2-0708-5d0a-973f-187118bfe387,,,,,,,,,
472,16870600,16875243,Flange-3553,Geometry Group,,7bda6ac9-2090-51fa-81e5-ca9065c125ed,,,,,,,,,
473,16875700,16880342,Flange-3554,Geometry Group,,9fb4e414-e772-5446-a5cf-ece6ae67550b,,,,,,,,,
474,16880799,16885441,Flange-3555,Geometry Group,,7c891efa-3c4b-564c-b2d6-bb19149af620,,,,,,,,,
475,16890015,16894646,Flange-3540,Geometry Group,,5cc4df11-41fc-5f0e-934a-cb25f9d15919,,,,,,,,,
476,16903481,16908123,Flange-3593,Geometry Group,,9d46cc92-5fe5-5980-8d32-c6443e2d69e7,,,,,,,,,
477,16908580,16913222,Flange-3594,Geometry Group,,ff5bf935-8401-5095-884e-844cf5c1a103,,,,,,,,,
478,16914765,16919348,Weldolet-0233,Geometry Group,,fa169594-2280-51b4-9697-ada924db8a9e,,,,,,,,,
479,16921750,16926395,Flange-3589,Geometry Group,,2c53f6c4-82b5-555d-a4ce-43638b47b223,,,,,,,,,
480,16926852,16931497,Flange-3590,Geometry Group,,917cabd8-d91d-552a-9083-5473d03a5602,,,,,,,,,
481,16935844,16940493,Flange-3599,Geometry Group,,e6d7bcd6-2590-564b-bf2a-c6537f10c918,,,,,,,,,
482,16940950,16945603,Flange-3600,Geometry Group,,b318cc3c-9783-526f-b8de-c7e7058a2832,,,,,,,,,
483,16949815,16954464,Flange-3601,Geometry Group,,488cbc94-13bc-5569-a74a-284b613fa23b,,,,,,,,,
484,16954921,16959570,Flange-3602,Geometry Group,,00ed2df0-1c28-526e-aee7-ac333499fa91,,,,,,,,,
485,16960027,16964670,Flange-3603,Geometry Group,,737040f5-8795-5ee7-948c-b197e6014e2e,,,,,,,,,
486,16968882,16973524,Flange-3547,Geometry Group,,7c10d6b1-e165-5889-88c9-06e69120493f,,,,,,,,,
487,16973981,16978623,Flange-3548,Geometry Group,,eb83a652-287b-523d-a950-5a1914b3d2b8,,,,,,,,,
488,16979080,16983721,Flange-3549,Geometry Group,,8e60c662-e1eb-5a9b-9f3e-a0f14c32713b,,,,,,,,,
489,16984178,16988819,Flange-3550,Geometry Group,,80632ace-0eab-530c-aeff-ada828e46a65,,,,,,,,,
490,16989276,16993928,Flange-3551,Geometry Group,,210f54e3-15f4-5c1d-b637-55f8a1991300,,,,,,,,,
491,16998502,17003139,Flange-3563,Geometry Group,,18f9e340-7d2a-501a-951d-b13ac818981b,,,,,,,,,
492,17003596,17008239,Flange-3564,Geometry Group,,5329485f-ba29-5770-9b87-176d3c9b9cda,,,,,,,,,
493,17008696,17013339,Flange-3565,Geometry Group,,1b98d369-5d6e-5839-aa10-04d3a1106cb2,,,,,,,,,
494,17013796,17018438,Flange-3566,Geometry Group,,6dd85c57-4e77-5f07-9148-ded2c638431d,,,,,,,,,
495,17018895,17023537,Flange-3567,Geometry Group,,8dfa5254-20b2-5864-9272-525bec4bf091,,,,,,,,,
496,17023994,17028647,Flange-3568,Geometry Group,,094a3604-925b-5b5b-87b2-4b6ac24720ef,,,,,,,,,
497,17036126,17040767,Flange-3450,Geometry Group,,c163df79-52e7-5c28-b8b7-f2038b6a5606,,,,,,,,,
498,17041224,17045865,Flange-3451,Geometry Group,,e5b97653-c870-543d-b0ba-c89e6824b823,,,,,,,,,
499,17047770,17052356,Weldolet-0213,Geometry Group,,b7eb4e36-02f7-59c0-978f-941c451fd63a,,,,,,,,,
500,17054758,17059391,Flange-3526,Geometry Group,,b2748334-302c-5e42-8a04-f5cb41cd7f84,,,,,,,,,
501,17059848,17064481,Flange-3527,Geometry Group,,f740228f-1dcd-5198-ac1f-b097c9b79587,,,,,,,,,
502,17067607,17072245,Flange-3447,Geometry Group,,0cd21c61-1b29-5b56-aaa7-96371ff72e7e,,,,,,,,,
503,17072702,17077344,Flange-3448,Geometry Group,,e72466ab-3655-5daa-9e94-bf0415250168,,,,,,,,,
504,17077801,17082433,Flange-3449,Geometry Group,,74379fae-6cff-5e96-b851-810290efb21c,,,,,,,,,
505,17086283,17090921,Flange-3528,Geometry Group,,fc1563d1-13ff-5cb7-9936-f9514f9500bb,,,,,,,,,
506,17091378,17096016,Flange-3529,Geometry Group,,f73b02b7-e536-5fd6-a169-c155586006fb,,,,,,,,,
507,17102038,17106622,Weldolet-0232,Geometry Group,,4be9eeb0-f6af-53f2-b578-ff75201eab67,,,,,,,,,
508,17110450,17115071,Flange-3427,Geometry Group,,fc4cc338-5764-594b-a046-96c949a9f789,,,,,,,,,
509,17115528,17120149,Flange-3428,Geometry Group,,89942119-a42a-59d2-a490-0e906ac95b6b,,,,,,,,,
510,17120606,17125231,Flange-3429,Geometry Group,,a18e41fb-2591-5d0b-8bb1-163c44c3b959,,,,,,,,,
511,17134886,17136582,Geometry,Geometry Group,,,,,,,,,,,
512,17141749,17143445,Geometry,Geometry Group,,,,,,,,,,,
513,17148615,17150311,Geometry,Geometry Group,,,,,,,,,,,
514,17161176,17165806,Flange-3439,Geometry Group,,0990b3ed-9388-593c-82b2-d3936c8d1e7e,,,,,,,,,
515,17170393,17175028,Flange-11605,Geometry Group,,e2f93091-7d2c-58af-843a-a7f5b35921da,,,,,,,,,
516,17175485,17180120,Flange-11607,Geometry Group,,3ed1f15a-effd-5a73-8b40-5cec625e37f6,,,,,,,,,
517,17189686,17194325,Flange-3576,Geometry Group,,be0e9dec-6e1b-5c9c-861d-050170df5851,,,,,,,,,
518,17202605,17207242,Flange-3430,Geometry Group,,afe45590-4b50-554d-aa8c-0f2128c18a47,,,,,,,,,
519,17207699,17212336,Flange-3431,Geometry Group,,ab929f6d-2707-57cd-96ba-3c743b76eba0,,,,,,,,,
520,17212793,17217424,Flange-3432,Geometry Group,,ed9536da-3450-5d2a-bef1-eebbd0effc11,,,,,,,,,
521,17217881,17222512,Flange-3433,Geometry Group,,02278372-c486-5bec-a46c-14bbbd1b28b6,,,,,,,,,
522,17222969,17227610,Flange-3434,Geometry Group,,639acfb2-7e88-5672-8f6a-0dc117ceded1,,,,,,,,,
523,17230601,17235188,Weldolet-0203,Geometry Group,,2ccec095-dfc2-51b3-b2fa-612a87b6d70d,,,,,,,,,
524,17238331,17242969,Flange-3575,Geometry Group,,7cc58c56-b130-5fd8-8618-80115a875de7,,,,,,,,,
525,17250525,17255157,Flange-3435,Geometry Group,,41c40d07-384d-5217-9e5d-3ed317b0f642,,,,,,,,,
526,17257062,17261650,Weldolet-0204,Geometry Group,,b156fb43-4be7-5139-9452-ab7522f6d9a3,,,,,,,,,
527,17264723,17268343,Utility_FOUR_HOLE_PLATE_4-1-C7,Geometry Group,,1e7465b2-b097-5e40-85af-fcf4225969f1,,,,,,,,,
528,17271033,17274604,Utility_PLATE_2-1-C4,Geometry Group,,efa4bded-09c7-5994-b040-97249e09bc56,,,,,,,,,
529,17276570,17280106,Utility_PLATE_2-1-C6,Geometry Group,,0bcf12a0-48e9-5569-8a0a-a3266e5919fd,,,,,,,,,
530,17282426,17285965,Utility_PLATE_2-1-C1,Geometry Group,,e46524f9-7cb0-5a6a-bfe4-559dbb371343,,,,,,,,,
531,17287931,17291466,Utility_PLATE_2-1-C5,Geometry Group,,43d3e0ab-e53f-516e-a95d-f227cd148015,,,,,,,,,
532,17468986,17472654,Aspects,Geometry Group,,bd3caf4c-588a-5e67-8a63-1d29afe70793,,,,,,,,,
533,17476568,17480313,Aspects,Geometry Group,,4914f062-4ed4-585d-aea8-43c673a4e686,,,,,,,,,
534,17487580,17491326,Aspects,Geometry Group,,99645a24-bd03-5306-9dcc-18231e7535fe,,,,,,,,,
535,17498593,17502338,Aspects,Geometry Group,,84cb2908-4712-5241-9086-25ccc37c62b6,,,,,,,,,
536,17509605,17513352,Aspects,Geometry Group,,d0cb85b4-a184-55d2-8701-d2f466f205fa,,,,,,,,,
537,17517895,17521642,Aspects,Geometry Group,,6e2d2e17-e0dc-5277-a4d1-93b06d62eca9,,,,,,,,,
538,17526185,17529932,Aspects,Geometry Group,,15e18467-a873-5cf9-8bc1-d55305e9f81a,,,,,,,,,
539,17538095,17541840,Aspects,Geometry Group,,ec211037-8526-5fb5-b65f-894da92d4fdc,,,,,,,,,
540,17547677,17551422,Aspects,Geometry Group,,3710542f-12a0-5e2c-808a-c01dfc2e4907,,,,,,,,,
541,17556345,17560094,Aspects,Geometry Group,,a76f2ea8-ce1e-5414-815a-03f26225f93e,,,,,,,,,
542,17562370,17566119,Aspects,Geometry Group,,190a766c-db59-5bab-a513-6e48c035d1e3,,,,,,,,,
543,17568395,17572144,Aspects,Geometry Group,,d1d8455d-db85-5806-842f-9438006c5bf4,,,,,,,,,
544,17574420,17578170,Aspects,Geometry Group,,f98505b7-f6a8-5683-b8fb-f82095072db9,,,,,,,,,
545,17580446,17584196,Aspects,Geometry Group,,1a6bc921-7fa9-5559-82d4-6979ea1f9148,,,,,,,,,
546,17586472,17590222,Aspects,Geometry Group,,e1044d46-c5be-5b05-bce4-32bfba5b6c52,,,,,,,,,
547,17592860,17596595,Aspects,Geometry Group,,b213b24f-eccb-5229-84a8-ec77915782ab,,,,,,,,,
548,17599328,17603062,Aspects,Geometry Group,,419067b1-f2c4-57ef-b9dc-d039ec6d969e,,,,,,,,,
549,17605795,17609529,Aspects,Geometry Group,,a1efe059-4d6d-53a6-87bb-090c10a5646a,,,,,,,,,
550,17612262,17615996,Aspects,Geometry Group,,75d32434-dd75-56a1-9a6a-2455f55d15ca,,,,,,,,,
551,17623689,17628239,Flange-1803,Geometry Group,,496b77be-fc0d-5710-8966-1914c4a2f45d,,,,,,,,,
552,17634704,17639254,Flange-1802,Geometry Group,,ca249228-c80b-59d9-a1ea-7a1ace005696,,,,,,,,,
553,17647248,17651867,Flange-3402,Geometry Group,,b6fca30a-19fc-5e26-8800-9271d6b52aaa,,,,,,,,,
554,17661636,17666277,Flange-3420,Geometry Group,,f9e258cf-5ece-5da7-8fc7-b1c1db650f55,,,,,,,,,
555,17666734,17671375,Flange-3421,Geometry Group,,fa826456-4355-5a87-82d3-37ccf39d216a,,,,,,,,,
556,17676296,17680915,Flange-3678,Geometry Group,,09710c6f-505b-5f2d-b3d4-83a83b68cc33,,,,,,,,,
557,17738397,17742007,Utility_FOUR_HOLE_PLATE_4-1-C3,Geometry Group,,673d26ab-4aaf-5dbc-9da8-4550864e23a4,,,,,,,,,
558,17756549,17760287,Aspects,Geometry Group,,9d62754d-2fa1-5f31-9aef-c8792fca3024,,,,,,,,,
559,17764373,17768111,Aspects,Geometry Group,,a5b1f6ad-64b2-5767-b7ec-55bb0ee42a7f,,,,,,,,,
560,17772197,17775929,Aspects,Geometry Group,,8ebb7873-7b82-5033-ab45-dafe9a2409d8,,,,,,,,,
561,17778726,17782474,Aspects,Geometry Group,,96d29cd9-b66b-534d-9f47-02bc8383dd43,,,,,,,,,
562,17852372,17856280,CW-002-TRAY-0101,Geometry Group,,9d76e87d-8351-58c3-9c7c-4bed2fe1493e,,,,,,,,,
563,17857651,17861554,CW-002-TRAY-0102,Geometry Group,,2344ef1b-3712-582c-990e-f3f9799d9c70,,,,,,,,,
564,17862468,17866376,CW-002-TRAY-0107,Geometry Group,,f09b70c3-1b60-5214-92d1-e6e1157ed524,,,,,,,,,
565,17867290,17871199,CW-002-TRAY-0108,Geometry Group,,f90caec9-ca1a-56b1-9dd4-2a543ee9e0f4,,,,,,,,,
566,17878018,17882052,PR01-ElectricalSystems-ET--0010-TRAY-0001,Geometry Group,,e99b2e76-8e7c-5f8d-bf74-e2641b6c603d,,,,,,,,,
567,17890734,17894654,SlopedDB_Conduit Run-1-21-COND-0002,Geometry Group,,b5672496-be4c-57bc-bea9-1888f7232500,,,,,,,,,
568,17897466,17901385,SlopedDB_Conduit Run-1-22-COND-0002,Geometry Group,,95216287-2d74-58bd-8c8a-804e065d5e96,,,,,,,,,
569,17904197,17908116,SlopedDB_Conduit Run-1-23-COND-0002,Geometry Group,,b6d62107-fb8a-5662-9239-815605458ea0,,,,,,,,,
570,17910928,17914848,SlopedDB_Conduit Run-1-24-COND-0002,Geometry Group,,8a8fbce5-81e7-5db4-8640-69ad770b709b,,,,,,,,,
571,17917660,17921579,SlopedDB_Conduit Run-1-25-COND-0002,Geometry Group,,04072a7c-0d72-5ffa-904d-3fd602eefc60,,,,,,,,,
572,17924391,17928310,SlopedDB_Conduit Run-1-26-COND-0002,Geometry Group,,e7615e28-b842-58c6-aca6-f181a07d186b,,,,,,,,,
573,17944781,17949439,Flange-3662,Geometry Group,,e0824b67-4745-5466-a041-b4aad7ff860b,,,,,,,,,
574,17952598,17957252,Flange-3653,Geometry Group,,07d0aab2-84b6-50da-b032-875287b8a9a5,,,,,,,,,
575,17962286,17966941,Flange-3663,Geometry Group,,46f8789d-1415-5e8e-ad60-c9fd0eefbfb9,,,,,,,,,
576,17971174,17975829,Flange-3641,Geometry Group,,1ef96f5c-1adb-553c-94f7-ce40f465a2d2,,,,,,,,,
577,17997180,18001841,Flange-3636,Geometry Group,,0801a93f-f474-527d-946d-a110abec0381,,,,,,,,,
578,18006086,18010747,Flange-3648,Geometry Group,,30cd38fb-89fd-557e-8c14-2ab902d150a0,,,,,,,,,
579,18014992,18019653,Flange-3652,Geometry Group,,d4028a6a-e036-511a-82dc-7d49e568b7b8,,,,,,,,,
580,18083829,18087508,Aspects,Geometry Group,,abd87ef0-d03e-5ae2-b2eb-29229e09ccea,,,,,,,,,
581,18096627,18100387,Aspects,Geometry Group,,7636d45d-2c32-5249-a066-5e08266ae0d9,,,,,,,,,
582,18102667,18106427,Aspects,Geometry Group,,6cb4aa9a-19bc-58b8-9d9a-0c8020f9d276,,,,,,,,,
583,18112157,18116775,Flange-3610,Geometry Group,,f39d6e38-d97e-5a7e-b7d6-3f5afa6b1235,,,,,,,,,
584,18122436,18127059,Flange-3614,Geometry Group,,997fcdfc-44cc-5bc1-9945-306358626350,,,,,,,,,
585,18127516,18132139,Flange-3615,Geometry Group,,53284d88-6295-5fe8-bcf4-b743b7e1bb3f,,,,,,,,,
586,18132596,18137210,Flange-3616,Geometry Group,,cbe157a5-17b1-525a-879f-b5b1fa30f1ce,,,,,,,,,
587,18137667,18142280,Flange-3617,Geometry Group,,cc4a0d85-d51e-5b44-afb1-9aaa1788c9c5,,,,,,,,,
588,18146484,18151107,Flange-3618,Geometry Group,,1102a4c3-998b-5ac5-8ab1-a462dd3d68ef,,,,,,,,,
589,18151564,18156187,Flange-3619,Geometry Group,,58642289-b8b0-557f-a041-f1235cf00eb6,,,,,,,,,
590,18156644,18161257,Flange-3620,Geometry Group,,7d34b4bd-d0e9-5f04-b9eb-2b74cbdaa913,,,,,,,,,
591,18166194,18170817,Flange-3621,Geometry Group,,140bb0c1-c7ee-584e-bb10-11d5b8189f81,,,,,,,,,
592,18171274,18175896,Flange-3622,Geometry Group,,29084128-2f89-533b-88f2-a392fffa4d67,,,,,,,,,
593,18176353,18180975,Flange-3623,Geometry Group,,512d7ef6-8b43-5082-bd51-1be6a4d28f45,,,,,,,,,
594,18185903,18190525,Flange-3611,Geometry Group,,3d64dcb5-5f21-556e-97bb-5d4e4a8bb2db,,,,,,,,,
595,18190982,18195604,Flange-3612,Geometry Group,,70f848d0-7e3a-58d7-b93c-1790f11f3d2a,,,,,,,,,
596,18196061,18200684,Flange-3613,Geometry Group,,c056e26b-86a9-5fae-8046-41dd226a04ee,,,,,,,,,
597,18207883,18211563,Aspects,Geometry Group,,302e9d79-67e5-5aeb-b999-63ee7c116a43,,,,,,,,,
598,18224876,18229513,Flange-3411,Geometry Group,,d2f79ea9-e62f-5b20-bf10-9ee67c88c549,,,,,,,,,
599,18234478,18239115,Flange-3418,Geometry Group,,a61ca2b5-f8e1-5610-a671-b42086228ff1,,,,,,,,,
600,18259069,18262999,S1211-CS004-EC--0003-COND-0001,Geometry Group,,a2c1e821-45b9-5d51-a78a-85f2be267cb8,,,,,,,,,
601,18263913,18267843,S1211-CS004-EC--0003-COND-0002,Geometry Group,,5b09a9e0-818a-575a-9af1-966923748c89,,,,,,,,,
602,18268757,18272688,S1211-CS004-EC--0003-COND-0003,Geometry Group,,2ca96b2c-011b-59b7-badc-dae6be9d7f55,,,,,,,,,
603,18278137,18282122,S1211-CW-001-ET--0001-TRAY-0002,Geometry Group,,e77e1c64-a773-5c8d-9309-152c512c5eab,,,,,,,,,
604,18285664,18289425,Aspects,Geometry Group,,c2bdc173-fd8b-5b28-84fd-e8588a3fb5b0,,,,,,,,,
605,18294338,18298100,Aspects,Geometry Group,,ea0f51f1-24d1-5742-8fbe-4dc035a2f406,,,,,,,,,
606,18299281,18302971,P-1211A-PC,Geometry Group,,09cbb4d6-7207-510e-882f-a9671f42746a,,,,,,,,,
607,18306816,18310578,Aspects,Geometry Group,,97641778-5135-55df-8de0-d8e1fba277dc,,,,,,,,,
608,18311759,18315449,P-1211B-PC,Geometry Group,,2c08d9fa-0cd1-5d03-9cab-fe88f5ae36a9,,,,,,,,,
609,18319714,18323411,Aspects,Geometry Group,,569d90ad-24d0-54e4-b92b-ad650fac6d61,,,,,,,,,
610,18334546,18339131,Flange-3664,Geometry Group,,b4b9dc4a-7b14-5bec-9777-b0f452c4cca9,,,,,,,,,
611,18339588,18344172,Flange-3665,Geometry Group,,17861e40-cd1d-5d98-8845-b9d868cce648,,,,,,,,,
612,18344629,18349213,Flange-3666,Geometry Group,,88e188af-4881-5bb3-adf3-be1b9e5a8628,,,,,,,,,
613,18352949,18357514,Flange-3668,Geometry Group,,db6880fd-1d8c-598a-ae06-45c4db95efeb,,,,,,,,,
614,18359830,18364415,Flange-3667,Geometry Group,,3400f647-6718-5564-bd60-e17d6893d8b1,,,,,,,,,
615,18399259,18403171,U01-CS002-EC--0001-COND-0005,Geometry Group,,693947ed-0ef7-5a16-a424-27bd6c735b32,,,,,,,,,
616,18404085,18407998,U01-CS002-EC--0001-COND-0006,Geometry Group,,283eda0b-fb76-515c-a977-c2fd3f044930,,,,,,,,,
617,18408912,18412825,U01-CS002-EC--0001-COND-0007,Geometry Group,,6b7bf480-9a7e-5dee-a17e-29386c4e4785,,,,,,,,,
618,18413739,18417650,U01-CS002-EC--0001-COND-0008,Geometry Group,,7fe88f15-a1eb-5ca7-bbe0-05edb6e5fa64,,,,,,,,,
619,18419711,18423380,AC-100,Geometry Group,,956802b1-ce7c-58b0-9000-dc011a812eda,,,,,,,,,
620,18481540,18485213,EC-100,Geometry Group,,3630a5d5-647e-5241-a112-e93dec7ba476,,,,,,,,,
621,18491471,18495455,U01-CW001-ET--0001-TRAY-0012,Geometry Group,,81ae6520-b907-5910-a550-2482517525b4,,,,,,,,,
622,18496826,18500792,U01-CW001-ET--0001-TRAY-0101,Geometry Group,,d950ae79-d321-5588-81f6-35f26bdee5e6,,,,,,,,,
623,18502163,18506147,U01-CW001-ET--0001-TRAY-0102,Geometry Group,,26695e28-f88d-5f39-aa23-8f9b89189fb5,,,,,,,,,
624,18507518,18511489,U01-CW001-ET--0001-TRAY-0201,Geometry Group,,cb5f7df9-4053-5fa8-801b-708b291d1df7,,,,,,,,,
625,18515455,18519414,U01-CW001-ET--0101-TRAY-0001,Geometry Group,,f8572b6e-c38d-506b-827f-a0e1ce1e5de6,,,,,,,,,
626,18522561,18526543,U01-CW001-ET--0203-TRAY-0003,Geometry Group,,dda46bc2-7e40-5932-8e74-43a5036890f7,,,,,,,,,
627,18527457,18531419,U01-CW001-ET--0203-TRAY-0004,Geometry Group,,283b33f6-e86f-5c66-92bc-8ecd90221aad,,,,,,,,,
628,18535315,18539295,U01-CW002-ET--0001-TRAY-0011,Geometry Group,,3e62b0eb-d009-57b9-944f-ab9fb73d80d3,,,,,,,,,
629,18544372,18548339,U01-CW003-ET--0001-TRAY-0001,Geometry Group,,0eb9ec53-b557-5558-8da1-a4097cbb87cb,,,,,,,,,
630,18563804,18565500,Geometry,Geometry Group,,,,,,,,,,,
631,18579770,18584422,Flange-3670,Geometry Group,,50eeba96-90a9-59aa-afd6-6779b81bc180,,,,,,,,,
632,18589001,18593643,Flange-3669,Geometry Group,,f5bd5ca7-8f7c-5c7a-add3-538a4c053ba5,,,,,,,,,
633,18645295,18648970,Aspects,Geometry Group,,213ee16d-25f9-5ac3-96a3-c029f8a9b526,,,,,,,,,
634,18659143,18662916,Aspects,Geometry Group,,396c5fba-761f-50a1-bba2-09f13e3e2a64,,,,,,,,,
635,18665227,18668911,Aspects,Geometry Group,,8678c43a-ca42-5baf-8dcb-a5f139621cce,,,,,,,,,
636,18672200,18675957,Aspects,Geometry Group,,c2c205f9-3c7e-5ac5-87d6-429f12ac0d46,,,,,,,,,
637,18678297,18682069,Aspects,Geometry Group,,f6910a55-6313-55c9-ac2d-88862b2a984c,,,,,,,,,
638,18688500,18693116,Flange-3483,Geometry Group,,081b515c-7e1b-507a-b9d7-28c1d439327c,,,,,,,,,
639,18693573,18698189,Flange-3484,Geometry Group,,976bfb48-ea4a-5f28-a379-e439559a6690,,,,,,,,,
640,18698646,18703274,Flange-3485,Geometry Group,,688efe1e-11e5-5526-85ec-535eb48cb6b3,,,,,,,,,
641,18703731,18708337,Flange-3486,Geometry Group,,d2297af9-c742-50db-9322-760be0d3c0a4,,,,,,,,,
642,18713987,18718604,Flange-3480,Geometry Group,,db18fa0b-334d-55fa-abd9-8941380be63a,,,,,,,,,
643,18719061,18723678,Flange-3481,Geometry Group,,debe165b-edbf-55a0-bef2-18d710715114,,,,,,,,,
644,18724135,18728764,Flange-3482,Geometry Group,,d7f1a64e-7e39-5475-b811-098ba503ba97,,,,,,,,,
645,18733703,18738325,Flange-3455,Geometry Group,,02f3ed40-da01-52a0-a257-43a5e27e043b,,,,,,,,,
646,18738782,18743404,Flange-3456,Geometry Group,,bb4d7856-3d8b-5447-a213-6f71d1856675,,,,,,,,,
647,18743861,18748482,Flange-3457,Geometry Group,,704cafdc-b2fc-5f6d-9946-dab733946d1d,,,,,,,,,
648,18748939,18753560,Flange-3458,Geometry Group,,9aaee4a1-5d15-5b0e-9e31-4a22ca2603a6,,,,,,,,,
649,18754017,18758648,Flange-3459,Geometry Group,,005e7acd-3c71-56a5-8cf5-fea8aba67f40,,,,,,,,,
650,18762492,18767113,Flange-3453,Geometry Group,,3021f036-6014-5a0b-8f03-e17f9264ac70,,,,,,,,,
651,18767570,18772191,Flange-3454,Geometry Group,,f3b9541b-4614-5073-89c2-b2275fcab069,,,,,,,,,
652,18772648,18777270,Flange-3460,Geometry Group,,3108664a-3e0d-5370-bb68-4868b056b58a,,,,,,,,,
653,18777727,18782349,Flange-3461,Geometry Group,,14d45dc8-9a4c-58cb-b56a-f4711085b623,,,,,,,,,
654,18782806,18787437,Flange-3462,Geometry Group,,355d72da-8057-504a-b2f7-da30f76edd0e,,,,,,,,,
655,18792734,18797351,Flange-3463,Geometry Group,,52a40780-4a6d-5a81-ae08-9657a285396c,,,,,,,,,
656,18797808,18802425,Flange-3464,Geometry Group,,8f20d5c5-af4d-5897-a222-fb7c1300f57a,,,,,,,,,
657,18802882,18807499,Flange-3465,Geometry Group,,e2462ffc-752d-5d67-958c-33627dec2d0d,,,,,,,,,
658,18807956,18812562,Flange-3466,Geometry Group,,6ac96fb3-9dd8-5c91-9202-cdcd757681c3,,,,,,,,,
659,18817497,18822115,Flange-3467,Geometry Group,,99176b80-9dd2-5ac0-a84b-104f976a0185,,,,,,,,,
660,18822572,18827190,Flange-3468,Geometry Group,,bb45512a-18cb-5587-b7dc-30e204f6d337,,,,,,,,,
661,18827647,18832254,Flange-3469,Geometry Group,,7802ebf4-169f-5d4e-802c-9c791476a0d5,,,,,,,,,
662,18832711,18837318,Flange-3470,Geometry Group,,a162cd6c-752a-55e8-8c6e-41c7680fd37a,,,,,,,,,
663,18841923,18846560,Flange-2001,Geometry Group,,1a999757-5d48-5977-aeaf-3b6fa73aa0ff,,,,,,,,,
664,18847017,18851664,Flange-2002,Geometry Group,,ab166508-f994-5b01-932b-c990cb23011f,,,,,,,,,
665,18852121,18856768,Flange-2003,Geometry Group,,700f7beb-e46c-555e-864a-35009bb7fd80,,,,,,,,,
666,18857225,18861870,Flange-2004,Geometry Group,,c69e19e3-7c2f-5dda-8b98-7495ce27fd9b,,,,,,,,,
667,18862327,18866980,Flange-2011,Geometry Group,,93d9b864-0037-57ea-9a77-1c5a0a8755c2,,,,,,,,,
668,18898782,18902313,Utility_PLATE_2-1-C2,Geometry Group,,22c2039f-bfeb-5740-a49d-11d2c5aaffb9,,,,,,,,,
669,18904279,18907810,Utility_PLATE_2-1-C3,Geometry Group,,5e081260-639f-5525-a64d-678b59f10d1b,,,,,,,,,
670,18912677,18917261,Flange-3518,Geometry Group,,585eb132-5ef3-5368-837f-b6c65cb07b97,,,,,,,,,
671,18917718,18922302,Flange-3519,Geometry Group,,cd7181ff-447d-5c39-9e13-144c9abcf9dc,,,,,,,,,
672,18927156,18931742,Flange-3516,Geometry Group,,ddfb0e94-402a-53ea-946b-f7aceb502ebd,,,,,,,,,
673,18934786,18939356,Flange-3714,Geometry Group,,34828f3a-0860-526b-bae2-9c095d4dcff3,,,,,,,,,
674,18942413,18947004,Flange-3512,Geometry Group,,24eaceaa-cb73-568e-866b-9bd0dc73e98c,,,,,,,,,
675,18947461,18952052,Flange-4202,Geometry Group,,b47934ba-c3d5-5973-8efc-ad30cc4f5a5c,,,,,,,,,
676,18954734,18959320,Flange-3509,Geometry Group,,748b747a-ded5-5edf-ba5a-bad1cac4f3f2,,,,,,,,,
677,18962364,18966941,Flange-3713,Geometry Group,,cd04baec-f116-524b-9989-97ff22139d9d,,,,,,,,,
678,18971454,18975072,Utility_FOUR_HOLE_PLATE_4-1-C2,Geometry Group,,fb62c20b-c881-59c3-b404-16267ff9835c,,,,,,,,,
679,18977758,18982340,Flange-3506,Geometry Group,,286df51b-b6fd-53be-a651-b9c5f1ff0c76,,,,,,,,,
680,18985022,18989608,Flange-3608,Geometry Group,,2fd77b45-3778-586c-8783-efc0acc42825,,,,,,,,,
681,18990065,18994651,Flange-3609,Geometry Group,,6785c015-a8a8-56ad-a2ab-8b0a888a6d95,,,,,,,,,
682,18999505,19004093,Flange-1813,Geometry Group,,fe705f90-53bb-57a8-b678-421a85ee2478,,,,,,,,,
683,19004550,19009138,Flange-1814,Geometry Group,,ffee98e7-bf6f-5f8b-bbe5-e3a22e3c231b,,,,,,,,,
684,19009595,19014179,Flange-3507,Geometry Group,,e7417ae1-fe33-534f-8078-804a632cae84,,,,,,,,,
685,19016446,19021012,Weldolet-0506,Geometry Group,,7a693c65-e86b-5bbf-ac02-e539849b2ca6,,,,,,,,,
686,19024418,19029001,Flange-1809,Geometry Group,,77060b14-4ac2-5ff7-8200-f650a6705453,,,,,,,,,
687,19029458,19034057,Flange-1811,Geometry Group,,1d9c00e5-719b-57fc-8475-66ceb4953b5a,,,,,,,,,
688,19034514,19039097,Flange-3521,Geometry Group,,be19cb94-c8d7-5c2f-b7dd-7a2c895caba5,,,,,,,,,
689,19039554,19044141,Flange-3524,Geometry Group,,f4c2a2a4-3d3d-5267-8b87-9a2788964140,,,,,,,,,
690,19044598,19049186,Flange-3525,Geometry Group,,f6bd8b19-9a01-503b-ac35-940c7590beb0,,,,,,,,,
691,19054764,19059348,Flange-3656,Geometry Group,,e77a3f41-30de-5c5b-b116-b6722874b8b2,,,,,,,,,
692,19059805,19064389,Flange-3657,Geometry Group,,15228054-38ee-5692-9265-7bcfc9db41f6,,,,,,,,,
693,19072160,19075776,Utility_FOUR_HOLE_PLATE_4-1-C4,Geometry Group,,1e706f48-ec7e-5031-bc8d-307fd5476f91,,,,,,,,,
694,19078458,19083030,Flange-1804,Geometry Group,,30a6c6ee-ede9-5273-848f-47599b308000,,,,,,,,,
695,19083487,19088059,Flange-1805,Geometry Group,,32600e0a-da89-5c58-a0e3-d7f422981e93,,,,,,,,,
696,19094723,19099292,Flange-11139,Geometry Group,,c76dea67-6ed2-5f6a-ac5b-424372f7a7c2,,,,,,,,,
697,19099749,19104312,Flange-1816,Geometry Group,,87598e98-000f-516f-b7e0-aafe10858060,,,,,,,,,
698,19104769,19109336,Flange-3476,Geometry Group,,02046747-0135-5c8d-af79-dad15320aa59,,,,,,,,,
699,19109793,19114358,Flange-3478,Geometry Group,,f49b1e40-3b13-5980-8a92-e7a2d810cb67,,,,,,,,,
700,19114815,19119380,Flange-3479,Geometry Group,,e14f1408-3d0a-5fb6-9916-a4ae5aff3438,,,,,,,,,
701,19129002,19133579,Flange-1825,Geometry Group,,681ef5f9-fa80-5410-940c-c8157bb45748,,,,,,,,,
702,19134036,19138613,Flange-3712,Geometry Group,,9a2a08dc-d6e7-5063-8124-811b48f82967,,,,,,,,,
703,19141657,19146245,Flange-1821,Geometry Group,,4072d312-f3b1-5c93-870b-2dccac8c1091,,,,,,,,,
704,19146702,19151290,Flange-1822,Geometry Group,,9c0cb1a8-6962-5405-9ac2-ff407e0337c1,,,,,,,,,
705,19151747,19156334,Flange-1823,Geometry Group,,c0d3e776-e4bf-52bd-aa43-c2454315baa9,,,,,,,,,
706,19156791,19161378,Flange-1824,Geometry Group,,194d9e7f-4356-5fc7-9e71-ab28e4a17e74,,,,,,,,,
707,19161835,19166423,Flange-3632,Geometry Group,,46bbb893-7139-51d0-8842-56ced964e75e,,,,,,,,,
708,19166880,19171468,Flange-3633,Geometry Group,,842dc539-213c-5800-a7ef-4678cbfb9688,,,,,,,,,
709,19171925,19176512,Flange-3634,Geometry Group,,b1f85c13-5928-553d-bb60-4464aa51f0bb,,,,,,,,,
710,19176969,19181556,Flange-3635,Geometry Group,,1816c287-2abb-59f6-b0e3-f23772ee9f47,,,,,,,,,
711,19188953,19193539,Flange-3471,Geometry Group,,630ece10-17c7-5ac4-a6e9-92980f559e45,,,,,,,,,
712,19202103,19206680,Flange-3532,Geometry Group,,2cb0c0e1-dd3b-59f8-8d8d-ac4fa9fd6155,,,,,,,,,
713,19207137,19211714,Flange-3533,Geometry Group,,541eae57-dec8-5320-915e-461e9e40bbed,,,,,,,,,
714,19212171,19216743,Flange-3537,Geometry Group,,cdbdecb1-a735-5ad7-9563-f4f931856cfd,,,,,,,,,
715,19217200,19221772,Flange-3538,Geometry Group,,48495e5e-cdca-59c1-8205-3ee3b0a7d10d,,,,,,,,,
716,19223677,19228195,Weldolet-0002,Geometry Group,,38881459-301d-51c7-bac8-948cdef0ce74,,,,,,,,,
717,19232329,19236904,Flange-11405,Geometry Group,,6be050ec-0db4-5fcf-a52b-a9859a1b321b,,,,,,,,,
718,19237361,19241937,Flange-3530,Geometry Group,,751df12f-5c73-50dc-811a-c45830403d96,,,,,,,,,
719,19242394,19246970,Flange-3531,Geometry Group,,06892161-82d0-50a1-8af0-d879b53f79c6,,,,,,,,,
720,19247427,19251999,Flange-3534,Geometry Group,,b22d6bf1-45e1-5a1f-9fb7-07931644446c,,,,,,,,,
721,19252456,19257032,Flange-3536,Geometry Group,,3e968ffc-b2b4-5091-a8c4-e0e24e2e93a3,,,,,,,,,
722,19267390,19271973,Flange-3473,Geometry Group,,a7fb3bb5-cca5-5cd9-8a32-2c1e7171c960,,,,,,,,,
723,19275745,19280330,Flange-3472,Geometry Group,,00e8053f-5a0c-514d-8b23-8f9416f201cd,,,,,,,,,
724,19283399,19287139,Aspects,Geometry Group,,6522b5b1-6159-56e2-a812-066796f9ece7,,,,,,,,,
725,19292958,19296679,Aspects,Geometry Group,,22fc4c27-3901-5398-9920-4e7888f38a63,,,,,,,,,
726,19308694,19312450,Aspects,Geometry Group,,158d4328-e80d-58c0-823b-cd312e005071,,,,,,,,,
727,19314730,19318486,Aspects,Geometry Group,,552e576b-9742-5fb4-acec-694f67ac32f9,,,,,,,,,
728,19320762,19324488,Aspects,Geometry Group,,7825a39e-0151-5519-8e1e-34066bf0e927,,,,,,,,,
729,19354157,19357769,Utility_FOUR_HOLE_PLATE_4-1-C5,Geometry Group,,0a006d68-2647-5610-aa4e-68a9f5cbbc7b,,,,,,,,,
730,19361187,19364800,Utility_FOUR_HOLE_PLATE_4-1-C6,Geometry Group,,f217851a-b57f-5acb-b255-a6db223dd03e,,,,,,,,,
731,19367494,19371111,Utility_FOUR_HOLE_PLATE_4-1-C11,Geometry Group,,bf779a81-9f19-54de-a5fa-544b506b44f2,,,,,,,,,
732,19371568,19375185,Utility_FOUR_HOLE_PLATE_4-1-C12,Geometry Group,,fecc39d0-8937-50f3-89e9-e366bba4ea81,,,,,,,,,
733,19408149,19411824,Aspects,Geometry Group,,0c22929e-a325-5eb2-b9bc-d51ff089bdd0,,,,,,,,,
734,19428367,19432043,Aspects,Geometry Group,,8198a55f-6b66-5b0c-9d5d-a4afd7cb0e6e,,,,,,,,,
735,19452815,19457465,Flange-3658,Geometry Group,,f1746804-e89f-5f7e-8185-eeca8761bf0b,,,,,,,,,
736,19457922,19462572,Flange-3659,Geometry Group,,9f69ae3c-9c78-54a3-909b-8cd0ac2bb798,,,,,,,,,
737,19471141,19475791,Flange-3643,Geometry Group,,65929d8c-984b-584e-b48e-88ed18d61579,,,,,,,,,
738,19476248,19480898,Flange-3644,Geometry Group,,87da760b-8486-5952-b51a-928a64cfd139,,,,,,,,,
739,19493828,19495524,Geometry,Geometry Group,,,,,,,,,,,
740,19500700,19502396,Geometry,Geometry Group,,,,,,,,,,,
741,19525383,19527079,Geometry,Geometry Group,,,,,,,,,,,
742,19532257,19533953,Geometry,Geometry Group,,,,,,,,,,,
743,19551922,19556572,Flange-3425,Geometry Group,,dbaa3368-171a-5847-8af7-d8dca269561c,,,,,,,,,
744,19560048,19564690,Flange-3426,Geometry Group,,c4675cbc-e7c6-5e14-8a3c-d97f16f109b6,,,,,,,,,
745,19574464,19579114,Flange-3672,Geometry Group,,6203eaec-f820-5b43-8af9-eb95f017f9c1,,,,,,,,,
746,19579571,19584221,Flange-3673,Geometry Group,,1911675f-9cfc-5b9c-873e-fc3fd1cf29e7,,,,,,,,,
747,19584678,19589328,Flange-3674,Geometry Group,,2a19e6bb-5385-507e-902f-295325238c3e,,,,,,,,,
748,19589785,19594435,Flange-3675,Geometry Group,,657b4422-abb1-5bd4-9635-48ccaf9ff1ba,,,,,,,,,
749,19594892,19599552,Flange-3676,Geometry Group,,20bf40cc-dfbe-57e7-87d4-4967b64ae39d,,,,,,,,,
750,19600009,19604647,Flange-3677,Geometry Group,,bf6f8050-7c8f-54cc-9e4b-7a7fd883ffa9,,,,,,,,,
751,19612492,19617138,Flange-3654,Geometry Group,,eaaeae85-8cea-5a70-88b1-d232d332361a,,,,,,,,,
752,19617595,19622241,Flange-3655,Geometry Group,,fc3add8b-9fd8-5cda-bbbf-e3644fd0fee9,,,,,,,,,
753,19627914,19632565,Flange-3638,Geometry Group,,0065ae7d-2ab0-553a-9c6d-94253d82dbc2,,,,,,,,,
754,19633022,19637673,Flange-4201,Geometry Group,,5de1556d-2651-5279-81ed-1ef0ad4f58dd,,,,,,,,,
755,19641145,19645785,Flange-3582,Geometry Group,,f2633daf-a60f-5fd0-97e4-14b65366d2ff,,,,,,,,,
756,19646242,19650882,Flange-3583,Geometry Group,,666beccb-ace1-5d36-8a20-c8eba7d56d79,,,,,,,,,
757,19655831,19660478,Flange-3646,Geometry Group,,4564f374-99b8-514a-a956-ffcdac44e601,,,,,,,,,
758,19660935,19665588,Flange-3647,Geometry Group,,ccaf374f-1e5a-5b22-b96d-8ed9be697347,,,,,,,,,
759,19669451,19674093,Flange-3580,Geometry Group,,83c0e3a7-6518-5590-924d-f71b7d511e59,,,,,,,,,
760,19674550,19679192,Flange-3581,Geometry Group,,ab9c7f13-a9e8-5d37-8208-de360f790212,,,,,,,,,
761,19684836,19689488,Flange-3639,Geometry Group,,ffdd9d3c-af94-5f39-bf29-c5de70e4dd0f,,,,,,,,,
762,19689945,19694597,Flange-3640,Geometry Group,,18fdf330-a360-5f35-83af-fe4257f1b323,,,,,,,,,
763,19710270,19714917,Flange-3412,Geometry Group,,3940f405-601e-5f8e-bcd3-ff6cc05db918,,,,,,,,,
764,19715374,19720021,Flange-3413,Geometry Group,,e44d264f-011c-5d78-acfd-eae11326171b,,,,,,,,,
765,19720478,19725125,Flange-3414,Geometry Group,,5563bdc7-1486-5821-bd43-c341b0866c33,,,,,,,,,
766,19725582,19730228,Flange-3415,Geometry Group,,7f86e1aa-f9f7-5808-8840-98083f52fe00,,,,,,,,,
767,19730685,19735321,Flange-3416,Geometry Group,,7f377313-75d0-5b40-bd84-c3f6d39532c2,,,,,,,,,
768,19735778,19740416,Flange-3417,Geometry Group,,70ff7f7d-eece-5bb9-830d-8ddca4228a3d,,,,,,,,,
769,19751992,19756640,Flange-3403,Geometry Group,,717ce4d6-957f-5559-9e84-9fc7e2dace2e,,,,,,,,,
770,19757097,19761745,Flange-3404,Geometry Group,,37c4fb36-874a-5bc8-90e5-5a305dc72ba9,,,,,,,,,
771,19762202,19766850,Flange-3405,Geometry Group,,ba787cb0-0e35-50f3-bccc-264d238ee339,,,,,,,,,
772,19767307,19771955,Flange-3406,Geometry Group,,94f37492-66da-5b3a-9720-a0db7d0ae005,,,,,,,,,
773,19772412,19777072,Flange-3407,Geometry Group,,45471744-8bf2-5f07-b65a-4d58f26d805b,,,,,,,,,
774,19777529,19782167,Flange-3408,Geometry Group,,46db34ff-31e1-55b9-8b80-cdc87ee7a08a,,,,,,,,,
775,19790073,19794712,Flange-1910,Geometry Group,,d0c01eee-d82d-5b82-b72d-2c2bf15f13e9,,,,,,,,,
776,19799632,19804278,Flange-1909,Geometry Group,,e6a4473c-88c6-57dd-b466-84b6b2924f89,,,,,,,,,
777,19807993,19812623,Weldolet-1504,Geometry Group,,d279939d-733b-56ba-b98c-2442b11bc5a0,,,,,,,,,
778,19824598,19829246,Flange-11703,Geometry Group,,8e3cf934-81e1-59cc-aa02-6cfcfcc19a2d,,,,,,,,,
779,19832718,19837367,Flange-11702,Geometry Group,,7a588f11-d89a-5562-8322-2fb90ce036f1,,,,,,,,,
780,19843044,19847695,Flange-3642,Geometry Group,,2d830cc7-8388-5dd3-847a-3fc8e9203b46,,,,,,,,,
781,19860727,19865374,Flange-3645,Geometry Group,,34c1d408-bb2f-5675-b8a6-c7e0f01a998f,,,,,,,,,
782,19878760,19883408,Flange-3651,Geometry Group,,f302efb6-d068-5cee-b2dd-b199779a80f7,,,,,,,,,
783,19948330,19951998,Aspects,Geometry Group,,bef5464a-e82c-59ca-aaf8-f29aba304c26,,,,,,,,,
784,19962661,19966330,Aspects,Geometry Group,,12871b49-171f-5176-a204-ce2045d5c096,,,,,,,,,
785,19971352,19975022,Aspects,Geometry Group,,da674ced-67bd-5abd-b702-4ea8f0f7a24b,,,,,,,,,
786,19980406,19984157,Aspects,Geometry Group,,24ee1c43-888f-5fa6-a841-6805821f8a50,,,,,,,,,
787,19986437,19990188,Aspects,Geometry Group,,cc3b6cff-1a34-5597-9fdd-9e4741abb5db,,,,,,,,,
